story,subject,roi,r,p,p_emp,lag,mean_r_shuffled,std_r_shuffled,z_score,TR,duration,onset,q_roi,signif_roi_fdr
lucy,sub-026,"Superior Temporal Gyrus, anterior division",0.1695,0.001346,0.008899,6,0.0004,0.0902,1.8752,1.5,542.0,3.0,0.013235,True
lucy,sub-026,"Superior Temporal Gyrus, posterior division",0.1575,0.002765,0.021898,-2,0.0012,0.094,1.6636,1.5,542.0,3.0,0.029197,True
lucy,sub-026,"Middle Temporal Gyrus, anterior division",0.2433,3e-06,0.0001,-2,0.0017,0.0915,2.6419,1.5,542.0,3.0,0.000267,True
lucy,sub-026,"Middle Temporal Gyrus, posterior division",0.2418,3e-06,0.0001,-1,-0.0003,0.0866,2.7978,1.5,542.0,3.0,0.000267,True
lucy,sub-026,"Inferior Frontal Gyrus, pars triangularis",0.0673,0.20561,0.743226,6,0.001,0.0929,0.7147,1.5,542.0,3.0,0.792774,False
lucy,sub-026,"Inferior Frontal Gyrus, pars opercularis",-0.0552,0.296719,0.89861,-2,-0.0005,0.095,-0.5758,1.5,542.0,3.0,0.89861,False
lucy,sub-026,Angular Gyrus,0.2432,4e-06,0.0001,6,0.0011,0.0949,2.552,1.5,542.0,3.0,0.000267,True
lucy,sub-026,"Supramarginal Gyrus, anterior division",0.075,0.158471,0.59734,6,-0.0001,0.0904,0.831,1.5,542.0,3.0,0.682674,False
lucy,sub-026,"Supramarginal Gyrus, posterior division",0.0915,0.085321,0.409559,6,-0.0007,0.0925,0.9965,1.5,542.0,3.0,0.504073,False
lucy,sub-026,Frontal Pole,0.2292,1.2e-05,0.0003,3,-0.0003,0.0858,2.6741,1.5,542.0,3.0,0.0006,True
lucy,sub-026,"Temporal Fusiform Cortex, anterior division",0.2762,0.0,0.0001,-2,-0.0006,0.0818,3.3831,1.5,542.0,3.0,0.000267,True
lucy,sub-026,"Temporal Fusiform Cortex, posterior division",0.2677,0.0,0.0001,-2,0.0006,0.0831,3.2154,1.5,542.0,3.0,0.000267,True
lucy,sub-026,"Parahippocampal Gyrus, anterior division",0.2929,0.0,0.0001,2,0.0001,0.0834,3.5111,1.5,542.0,3.0,0.000267,True
lucy,sub-026,"Parahippocampal Gyrus, posterior division",0.2142,4.7e-05,0.0003,6,0.0014,0.0843,2.5234,1.5,542.0,3.0,0.0006,True
lucy,sub-026,"Cingulate Gyrus, anterior division",0.1743,0.000974,0.005,6,-0.0004,0.085,2.0563,1.5,542.0,3.0,0.008889,True
lucy,sub-026,"Cingulate Gyrus, posterior division",0.1674,0.001547,0.009099,6,-0.0003,0.0856,1.959,1.5,542.0,3.0,0.013235,True
lucy,sub-041,"Superior Temporal Gyrus, anterior division",0.1982,0.000157,0.0018,-2,0.0001,0.0886,2.2356,1.5,542.0,3.0,0.002338,True
lucy,sub-041,"Superior Temporal Gyrus, posterior division",-0.4532,0.0,0.0001,6,0.0006,0.0841,-5.3953,1.5,542.0,3.0,0.00016,True
lucy,sub-041,"Middle Temporal Gyrus, anterior division",0.1953,0.000196,0.0019,-2,0.0022,0.0722,2.6739,1.5,542.0,3.0,0.002338,True
lucy,sub-041,"Middle Temporal Gyrus, posterior division",0.375,0.0,0.0001,-2,0.0001,0.0739,5.0731,1.5,542.0,3.0,0.00016,True
lucy,sub-041,"Inferior Frontal Gyrus, pars triangularis",-0.0592,0.266259,0.79652,6,0.001,0.0897,-0.6708,1.5,542.0,3.0,0.79652,False
lucy,sub-041,"Inferior Frontal Gyrus, pars opercularis",0.4505,0.0,0.0001,6,0.0001,0.0847,5.3159,1.5,542.0,3.0,0.00016,True
lucy,sub-041,Angular Gyrus,0.4218,0.0,0.0001,6,0.0021,0.0886,4.7384,1.5,542.0,3.0,0.00016,True
lucy,sub-041,"Supramarginal Gyrus, anterior division",0.1272,0.01646,0.072493,6,0.0007,0.0828,1.5274,1.5,542.0,3.0,0.077326,False
lucy,sub-041,"Supramarginal Gyrus, posterior division",0.1303,0.014039,0.064394,6,-0.0005,0.0831,1.5731,1.5,542.0,3.0,0.073593,False
lucy,sub-041,Frontal Pole,0.2364,6e-06,0.0001,-2,0.0003,0.0976,2.4182,1.5,542.0,3.0,0.00016,True
lucy,sub-041,"Temporal Fusiform Cortex, anterior division",0.2003,0.000133,0.0016,-2,-0.0009,0.0893,2.2537,1.5,542.0,3.0,0.002327,True
lucy,sub-041,"Temporal Fusiform Cortex, posterior division",0.347,0.0,0.0001,-2,0.0005,0.0848,4.0861,1.5,542.0,3.0,0.00016,True
lucy,sub-041,"Parahippocampal Gyrus, anterior division",0.4102,0.0,0.0001,6,0.0009,0.0961,4.2589,1.5,542.0,3.0,0.00016,True
lucy,sub-041,"Parahippocampal Gyrus, posterior division",0.4287,0.0,0.0001,-2,0.0017,0.0853,5.0065,1.5,542.0,3.0,0.00016,True
lucy,sub-041,"Cingulate Gyrus, anterior division",0.4248,0.0,0.0001,-2,-0.0003,0.0857,4.9615,1.5,542.0,3.0,0.00016,True
lucy,sub-041,"Cingulate Gyrus, posterior division",0.5112,0.0,0.0001,6,0.0003,0.0864,5.9124,1.5,542.0,3.0,0.00016,True
lucy,sub-052,"Superior Temporal Gyrus, anterior division",0.4398,0.0,0.0001,-2,0.0,0.0724,6.0771,1.5,542.0,3.0,0.000114,True
lucy,sub-052,"Superior Temporal Gyrus, posterior division",-0.1269,0.016777,0.058394,6,0.0016,0.0793,-1.6203,1.5,542.0,3.0,0.058394,False
lucy,sub-052,"Middle Temporal Gyrus, anterior division",0.177,0.000758,0.0042,-2,0.0016,0.0775,2.2628,1.5,542.0,3.0,0.00448,True
lucy,sub-052,"Middle Temporal Gyrus, posterior division",0.4797,0.0,0.0001,6,-0.0001,0.0711,6.7484,1.5,542.0,3.0,0.000114,True
lucy,sub-052,"Inferior Frontal Gyrus, pars triangularis",0.589,0.0,0.0001,6,0.0006,0.0755,7.7958,1.5,542.0,3.0,0.000114,True
lucy,sub-052,"Inferior Frontal Gyrus, pars opercularis",0.5577,0.0,0.0001,6,0.0014,0.0813,6.8447,1.5,542.0,3.0,0.000114,True
lucy,sub-052,Angular Gyrus,0.561,0.0,0.0001,6,0.0007,0.0729,7.6873,1.5,542.0,3.0,0.000114,True
lucy,sub-052,"Supramarginal Gyrus, anterior division",0.5637,0.0,0.0001,6,-0.0003,0.0729,7.7324,1.5,542.0,3.0,0.000114,True
lucy,sub-052,"Supramarginal Gyrus, posterior division",0.5555,0.0,0.0001,6,0.0005,0.0722,7.6892,1.5,542.0,3.0,0.000114,True
lucy,sub-052,Frontal Pole,0.3966,0.0,0.0001,-2,-0.0,0.0776,5.1113,1.5,542.0,3.0,0.000114,True
lucy,sub-052,"Temporal Fusiform Cortex, anterior division",0.2505,2e-06,0.0001,-2,-0.0003,0.0794,3.1586,1.5,542.0,3.0,0.000114,True
lucy,sub-052,"Temporal Fusiform Cortex, posterior division",0.3562,0.0,0.0001,-2,-0.0001,0.0765,4.6596,1.5,542.0,3.0,0.000114,True
lucy,sub-052,"Parahippocampal Gyrus, anterior division",0.4386,0.0,0.0001,-2,-0.0001,0.0817,5.3716,1.5,542.0,3.0,0.000114,True
lucy,sub-052,"Parahippocampal Gyrus, posterior division",0.3587,0.0,0.0001,-2,0.0012,0.0793,4.5045,1.5,542.0,3.0,0.000114,True
lucy,sub-052,"Cingulate Gyrus, anterior division",0.4549,0.0,0.0001,-2,0.0,0.0772,5.8953,1.5,542.0,3.0,0.000114,True
lucy,sub-052,"Cingulate Gyrus, posterior division",0.503,0.0,0.0001,6,-0.0008,0.0772,6.5293,1.5,542.0,3.0,0.000114,True
lucy,sub-053,"Superior Temporal Gyrus, anterior division",0.4303,0.0,0.0001,6,-0.0003,0.0704,6.1177,1.5,542.0,3.0,0.000107,True
lucy,sub-053,"Superior Temporal Gyrus, posterior division",0.3377,0.0,0.0001,6,0.001,0.0677,4.9743,1.5,542.0,3.0,0.000107,True
lucy,sub-053,"Middle Temporal Gyrus, anterior division",0.4699,0.0,0.0001,6,0.0001,0.0673,6.9827,1.5,542.0,3.0,0.000107,True
lucy,sub-053,"Middle Temporal Gyrus, posterior division",0.5401,0.0,0.0001,6,0.0001,0.0691,7.8168,1.5,542.0,3.0,0.000107,True
lucy,sub-053,"Inferior Frontal Gyrus, pars triangularis",0.2722,0.0,0.0001,6,0.0008,0.0952,2.8509,1.5,542.0,3.0,0.000107,True
lucy,sub-053,"Inferior Frontal Gyrus, pars opercularis",0.2513,1e-06,0.0001,-2,0.0015,0.0884,2.824,1.5,542.0,3.0,0.000107,True
lucy,sub-053,Angular Gyrus,0.1391,0.008296,0.023798,-2,0.0004,0.0729,1.9049,1.5,542.0,3.0,0.023798,True
lucy,sub-053,"Supramarginal Gyrus, anterior division",0.2995,0.0,0.0001,-2,-0.0008,0.0785,3.8233,1.5,542.0,3.0,0.000107,True
lucy,sub-053,"Supramarginal Gyrus, posterior division",0.268,0.0,0.0001,-2,-0.0005,0.0777,3.4533,1.5,542.0,3.0,0.000107,True
lucy,sub-053,Frontal Pole,0.3714,0.0,0.0001,6,-0.0007,0.0776,4.7955,1.5,542.0,3.0,0.000107,True
lucy,sub-053,"Temporal Fusiform Cortex, anterior division",0.4683,0.0,0.0001,6,0.0009,0.0846,5.5248,1.5,542.0,3.0,0.000107,True
lucy,sub-053,"Temporal Fusiform Cortex, posterior division",0.2915,0.0,0.0001,6,-0.0003,0.0827,3.5266,1.5,542.0,3.0,0.000107,True
lucy,sub-053,"Parahippocampal Gyrus, anterior division",0.4687,0.0,0.0001,6,0.0008,0.0845,5.5406,1.5,542.0,3.0,0.000107,True
lucy,sub-053,"Parahippocampal Gyrus, posterior division",0.4524,0.0,0.0001,6,0.0025,0.0758,5.9335,1.5,542.0,3.0,0.000107,True
lucy,sub-053,"Cingulate Gyrus, anterior division",0.4244,0.0,0.0001,6,0.0002,0.0836,5.0746,1.5,542.0,3.0,0.000107,True
lucy,sub-053,"Cingulate Gyrus, posterior division",0.2901,0.0,0.0001,-2,-0.0004,0.0808,3.5957,1.5,542.0,3.0,0.000107,True
lucy,sub-055,"Superior Temporal Gyrus, anterior division",0.3487,0.0,0.0001,-2,0.0016,0.0876,3.9639,1.5,542.0,3.0,0.0001,True
lucy,sub-055,"Superior Temporal Gyrus, posterior division",0.5042,0.0,0.0001,-2,0.0005,0.0918,5.4891,1.5,542.0,3.0,0.0001,True
lucy,sub-055,"Middle Temporal Gyrus, anterior division",0.3932,0.0,0.0001,-2,-0.001,0.092,4.2826,1.5,542.0,3.0,0.0001,True
lucy,sub-055,"Middle Temporal Gyrus, posterior division",0.3658,0.0,0.0001,-2,0.0023,0.093,3.9105,1.5,542.0,3.0,0.0001,True
lucy,sub-055,"Inferior Frontal Gyrus, pars triangularis",0.3298,0.0,0.0001,-2,-0.001,0.0896,3.6929,1.5,542.0,3.0,0.0001,True
lucy,sub-055,"Inferior Frontal Gyrus, pars opercularis",0.3058,0.0,0.0001,-2,0.0016,0.0904,3.3633,1.5,542.0,3.0,0.0001,True
lucy,sub-055,Angular Gyrus,0.2699,0.0,0.0001,6,0.0012,0.0919,2.9239,1.5,542.0,3.0,0.0001,True
lucy,sub-055,"Supramarginal Gyrus, anterior division",0.3881,0.0,0.0001,-2,-0.0002,0.085,4.5668,1.5,542.0,3.0,0.0001,True
lucy,sub-055,"Supramarginal Gyrus, posterior division",0.3027,0.0,0.0001,6,0.0007,0.0885,3.4136,1.5,542.0,3.0,0.0001,True
lucy,sub-055,Frontal Pole,0.5181,0.0,0.0001,-2,-0.0004,0.0902,5.7485,1.5,542.0,3.0,0.0001,True
lucy,sub-055,"Temporal Fusiform Cortex, anterior division",0.3989,0.0,0.0001,-2,0.0006,0.0907,4.3936,1.5,542.0,3.0,0.0001,True
lucy,sub-055,"Temporal Fusiform Cortex, posterior division",0.5283,0.0,0.0001,-2,-0.001,0.0842,6.2851,1.5,542.0,3.0,0.0001,True
lucy,sub-055,"Parahippocampal Gyrus, anterior division",0.5343,0.0,0.0001,6,0.0013,0.0849,6.2793,1.5,542.0,3.0,0.0001,True
lucy,sub-055,"Parahippocampal Gyrus, posterior division",0.5601,0.0,0.0001,-2,0.0017,0.0814,6.8554,1.5,542.0,3.0,0.0001,True
lucy,sub-055,"Cingulate Gyrus, anterior division",0.5257,0.0,0.0001,-2,0.0006,0.0859,6.1123,1.5,542.0,3.0,0.0001,True
lucy,sub-055,"Cingulate Gyrus, posterior division",0.427,0.0,0.0001,-2,0.0006,0.0844,5.05,1.5,542.0,3.0,0.0001,True
lucy,sub-056,"Superior Temporal Gyrus, anterior division",0.3647,0.0,0.0001,-2,-0.0,0.0693,5.2655,1.5,542.0,3.0,0.000114,True
lucy,sub-056,"Superior Temporal Gyrus, posterior division",0.3634,0.0,0.0001,6,0.0012,0.0928,3.9051,1.5,542.0,3.0,0.000114,True
lucy,sub-056,"Middle Temporal Gyrus, anterior division",0.4476,0.0,0.0001,-2,0.0013,0.0805,5.5466,1.5,542.0,3.0,0.000114,True
lucy,sub-056,"Middle Temporal Gyrus, posterior division",0.3773,0.0,0.0001,-2,0.0,0.0658,5.732,1.5,542.0,3.0,0.000114,True
lucy,sub-056,"Inferior Frontal Gyrus, pars triangularis",0.0732,0.166082,0.384362,-2,0.0007,0.0757,0.9592,1.5,542.0,3.0,0.384362,False
lucy,sub-056,"Inferior Frontal Gyrus, pars opercularis",0.1935,0.000225,0.001,-2,0.002,0.0717,2.6696,1.5,542.0,3.0,0.001067,True
lucy,sub-056,Angular Gyrus,0.4895,0.0,0.0001,-2,0.0005,0.0637,7.6731,1.5,542.0,3.0,0.000114,True
lucy,sub-056,"Supramarginal Gyrus, anterior division",0.3385,0.0,0.0001,-2,-0.0006,0.0657,5.1651,1.5,542.0,3.0,0.000114,True
lucy,sub-056,"Supramarginal Gyrus, posterior division",0.366,0.0,0.0001,-2,0.0003,0.0647,5.6511,1.5,542.0,3.0,0.000114,True
lucy,sub-056,Frontal Pole,0.4953,0.0,0.0001,-2,-0.0013,0.0775,6.4094,1.5,542.0,3.0,0.000114,True
lucy,sub-056,"Temporal Fusiform Cortex, anterior division",0.5395,0.0,0.0001,6,-0.0022,0.0841,6.4444,1.5,542.0,3.0,0.000114,True
lucy,sub-056,"Temporal Fusiform Cortex, posterior division",0.4476,0.0,0.0001,-2,-0.0003,0.0737,6.0795,1.5,542.0,3.0,0.000114,True
lucy,sub-056,"Parahippocampal Gyrus, anterior division",0.4411,0.0,0.0001,-2,0.0005,0.0734,6.0004,1.5,542.0,3.0,0.000114,True
lucy,sub-056,"Parahippocampal Gyrus, posterior division",0.4124,0.0,0.0001,-2,0.0017,0.0674,6.0986,1.5,542.0,3.0,0.000114,True
lucy,sub-056,"Cingulate Gyrus, anterior division",0.3451,0.0,0.0001,-2,-0.0003,0.0695,4.971,1.5,542.0,3.0,0.000114,True
lucy,sub-056,"Cingulate Gyrus, posterior division",0.3439,0.0,0.0001,-2,0.0005,0.0677,5.073,1.5,542.0,3.0,0.000114,True
lucy,sub-058,"Superior Temporal Gyrus, anterior division",0.3571,0.0,0.0001,6,-0.0005,0.0844,4.2365,1.5,542.0,3.0,0.000123,True
lucy,sub-058,"Superior Temporal Gyrus, posterior division",-0.1111,0.035374,0.192281,-2,0.0005,0.091,-1.2267,1.5,542.0,3.0,0.2051,False
lucy,sub-058,"Middle Temporal Gyrus, anterior division",0.1211,0.021348,0.115288,0,0.001,0.0891,1.3477,1.5,542.0,3.0,0.131758,False
lucy,sub-058,"Middle Temporal Gyrus, posterior division",0.4434,0.0,0.0001,5,-0.0,0.0723,6.1303,1.5,542.0,3.0,0.000123,True
lucy,sub-058,"Inferior Frontal Gyrus, pars triangularis",0.4858,0.0,0.0001,6,-0.0006,0.074,6.5715,1.5,542.0,3.0,0.000123,True
lucy,sub-058,"Inferior Frontal Gyrus, pars opercularis",0.4256,0.0,0.0001,6,0.0018,0.0758,5.5919,1.5,542.0,3.0,0.000123,True
lucy,sub-058,Angular Gyrus,0.438,0.0,0.0001,-2,0.0006,0.0676,6.4748,1.5,542.0,3.0,0.000123,True
lucy,sub-058,"Supramarginal Gyrus, anterior division",0.421,0.0,0.0001,6,-0.0004,0.0712,5.9225,1.5,542.0,3.0,0.000123,True
lucy,sub-058,"Supramarginal Gyrus, posterior division",0.4476,0.0,0.0001,5,0.0005,0.0682,6.5521,1.5,542.0,3.0,0.000123,True
lucy,sub-058,Frontal Pole,0.4698,0.0,0.0001,6,-0.0003,0.0827,5.6831,1.5,542.0,3.0,0.000123,True
lucy,sub-058,"Temporal Fusiform Cortex, anterior division",0.032,0.545407,0.994301,-2,0.0018,0.092,0.3285,1.5,542.0,3.0,0.994301,False
lucy,sub-058,"Temporal Fusiform Cortex, posterior division",0.5124,0.0,0.0001,6,-0.0001,0.0721,7.1119,1.5,542.0,3.0,0.000123,True
lucy,sub-058,"Parahippocampal Gyrus, anterior division",0.5403,0.0,0.0001,6,0.0011,0.0779,6.9185,1.5,542.0,3.0,0.000123,True
lucy,sub-058,"Parahippocampal Gyrus, posterior division",0.4211,0.0,0.0001,4,0.0018,0.0747,5.6142,1.5,542.0,3.0,0.000123,True
lucy,sub-058,"Cingulate Gyrus, anterior division",0.3933,0.0,0.0001,6,0.0002,0.0779,5.047,1.5,542.0,3.0,0.000123,True
lucy,sub-058,"Cingulate Gyrus, posterior division",0.3886,0.0,0.0001,3,-0.0004,0.0726,5.3606,1.5,542.0,3.0,0.000123,True
lucy,sub-059,"Superior Temporal Gyrus, anterior division",0.0546,0.305344,0.751625,6,-0.0007,0.0832,0.6643,1.5,542.0,3.0,0.925077,False
lucy,sub-059,"Superior Temporal Gyrus, posterior division",0.1206,0.023035,0.072793,6,0.0011,0.0761,1.5708,1.5,542.0,3.0,0.232938,False
lucy,sub-059,"Middle Temporal Gyrus, anterior division",0.1556,0.003286,0.012999,6,0.0011,0.0762,2.0277,1.5,542.0,3.0,0.103992,False
lucy,sub-059,"Middle Temporal Gyrus, posterior division",0.2693,0.0,0.0001,6,-0.0001,0.079,3.4088,1.5,542.0,3.0,0.0016,True
lucy,sub-059,"Inferior Frontal Gyrus, pars triangularis",-0.095,0.072227,0.261874,-2,0.0004,0.0827,-1.1537,1.5,542.0,3.0,0.523748,False
lucy,sub-059,"Inferior Frontal Gyrus, pars opercularis",-0.1231,0.01964,0.093991,-2,-0.0008,0.0845,-1.4479,1.5,542.0,3.0,0.250643,False
lucy,sub-059,Angular Gyrus,0.064,0.229152,0.662534,6,0.0013,0.0857,0.7309,1.5,542.0,3.0,0.883379,False
lucy,sub-059,"Supramarginal Gyrus, anterior division",0.0152,0.774873,0.9994,6,-0.0016,0.086,0.1958,1.5,542.0,3.0,0.9994,False
lucy,sub-059,"Supramarginal Gyrus, posterior division",0.0675,0.204709,0.640836,6,-0.0009,0.0877,0.7801,1.5,542.0,3.0,0.883379,False
lucy,sub-059,Frontal Pole,0.0806,0.129526,0.434857,6,-0.0001,0.0848,0.9516,1.5,542.0,3.0,0.773079,False
lucy,sub-059,"Temporal Fusiform Cortex, anterior division",0.0931,0.079813,0.206179,6,-0.0011,0.0755,1.2473,1.5,542.0,3.0,0.471266,False
lucy,sub-059,"Temporal Fusiform Cortex, posterior division",0.1449,0.006232,0.027297,6,0.0005,0.08,1.8052,1.5,542.0,3.0,0.136788,False
lucy,sub-059,"Parahippocampal Gyrus, anterior division",0.0717,0.177861,0.483352,6,0.0,0.0813,0.8815,1.5,542.0,3.0,0.773363,False
lucy,sub-059,"Parahippocampal Gyrus, posterior division",0.141,0.007471,0.034197,-2,0.0002,0.0827,1.7023,1.5,542.0,3.0,0.136788,False
lucy,sub-059,"Cingulate Gyrus, anterior division",0.0294,0.580354,0.962504,6,0.0004,0.0826,0.3513,1.5,542.0,3.0,0.9994,False
lucy,sub-059,"Cingulate Gyrus, posterior division",0.0161,0.761688,0.9972,-2,0.0007,0.0821,0.1872,1.5,542.0,3.0,0.9994,False
lucy,sub-060,"Superior Temporal Gyrus, anterior division",0.614,0.0,0.0001,6,0.0001,0.0648,9.477,1.5,542.0,3.0,0.0001,True
lucy,sub-060,"Superior Temporal Gyrus, posterior division",0.5552,0.0,0.0001,-2,0.0013,0.0626,8.848,1.5,542.0,3.0,0.0001,True
lucy,sub-060,"Middle Temporal Gyrus, anterior division",0.6173,0.0,0.0001,-2,0.0013,0.0621,9.9161,1.5,542.0,3.0,0.0001,True
lucy,sub-060,"Middle Temporal Gyrus, posterior division",0.6028,0.0,0.0001,6,-0.0001,0.0661,9.1159,1.5,542.0,3.0,0.0001,True
lucy,sub-060,"Inferior Frontal Gyrus, pars triangularis",0.3688,0.0,0.0001,6,-0.0007,0.0888,4.162,1.5,542.0,3.0,0.0001,True
lucy,sub-060,"Inferior Frontal Gyrus, pars opercularis",-0.6043,0.0,0.0001,6,-0.0018,0.0669,-9.0007,1.5,542.0,3.0,0.0001,True
lucy,sub-060,Angular Gyrus,-0.6356,0.0,0.0001,-2,-0.0009,0.0652,-9.7278,1.5,542.0,3.0,0.0001,True
lucy,sub-060,"Supramarginal Gyrus, anterior division",-0.5245,0.0,0.0001,-2,0.0001,0.0736,-7.1289,1.5,542.0,3.0,0.0001,True
lucy,sub-060,"Supramarginal Gyrus, posterior division",-0.57,0.0,0.0001,-2,-0.0006,0.0704,-8.0835,1.5,542.0,3.0,0.0001,True
lucy,sub-060,Frontal Pole,0.5926,0.0,0.0001,6,-0.0003,0.0639,9.2852,1.5,542.0,3.0,0.0001,True
lucy,sub-060,"Temporal Fusiform Cortex, anterior division",0.6695,0.0,0.0001,6,0.0003,0.0697,9.5985,1.5,542.0,3.0,0.0001,True
lucy,sub-060,"Temporal Fusiform Cortex, posterior division",0.5406,0.0,0.0001,6,-0.0001,0.0697,7.753,1.5,542.0,3.0,0.0001,True
lucy,sub-060,"Parahippocampal Gyrus, anterior division",0.5833,0.0,0.0001,6,0.0007,0.0711,8.1997,1.5,542.0,3.0,0.0001,True
lucy,sub-060,"Parahippocampal Gyrus, posterior division",0.5402,0.0,0.0001,6,0.002,0.071,7.5793,1.5,542.0,3.0,0.0001,True
lucy,sub-060,"Cingulate Gyrus, anterior division",0.3131,0.0,0.0001,6,0.0003,0.0852,3.6721,1.5,542.0,3.0,0.0001,True
lucy,sub-060,"Cingulate Gyrus, posterior division",-0.4994,0.0,0.0001,-2,-0.0001,0.0758,-6.5912,1.5,542.0,3.0,0.0001,True
lucy,sub-061,"Superior Temporal Gyrus, anterior division",-0.4307,0.0,0.0001,-2,-0.0005,0.0653,-6.5913,1.5,542.0,3.0,0.000107,True
lucy,sub-061,"Superior Temporal Gyrus, posterior division",-0.3844,0.0,0.0001,-2,-0.001,0.0708,-5.4128,1.5,542.0,3.0,0.000107,True
lucy,sub-061,"Middle Temporal Gyrus, anterior division",-0.3959,0.0,0.0001,-2,-0.0017,0.0686,-5.7433,1.5,542.0,3.0,0.000107,True
lucy,sub-061,"Middle Temporal Gyrus, posterior division",-0.4009,0.0,0.0001,-2,0.0003,0.0695,-5.7757,1.5,542.0,3.0,0.000107,True
lucy,sub-061,"Inferior Frontal Gyrus, pars triangularis",-0.4271,0.0,0.0001,-2,0.0001,0.0684,-6.2427,1.5,542.0,3.0,0.000107,True
lucy,sub-061,"Inferior Frontal Gyrus, pars opercularis",-0.4271,0.0,0.0001,-2,-0.0014,0.068,-6.2576,1.5,542.0,3.0,0.000107,True
lucy,sub-061,Angular Gyrus,-0.4023,0.0,0.0001,-2,-0.0002,0.0707,-5.6887,1.5,542.0,3.0,0.000107,True
lucy,sub-061,"Supramarginal Gyrus, anterior division",-0.425,0.0,0.0001,-2,0.0004,0.0659,-6.4509,1.5,542.0,3.0,0.000107,True
lucy,sub-061,"Supramarginal Gyrus, posterior division",-0.4236,0.0,0.0001,-2,-0.0009,0.0675,-6.2635,1.5,542.0,3.0,0.000107,True
lucy,sub-061,Frontal Pole,-0.4184,0.0,0.0001,-2,0.0003,0.067,-6.248,1.5,542.0,3.0,0.000107,True
lucy,sub-061,"Temporal Fusiform Cortex, anterior division",0.436,0.0,0.0001,6,-0.0019,0.0838,5.2257,1.5,542.0,3.0,0.000107,True
lucy,sub-061,"Temporal Fusiform Cortex, posterior division",-0.1758,0.000822,0.0033,-2,-0.0005,0.0803,-2.1846,1.5,542.0,3.0,0.0033,True
lucy,sub-061,"Parahippocampal Gyrus, anterior division",0.4385,0.0,0.0001,6,0.0016,0.081,5.3929,1.5,542.0,3.0,0.000107,True
lucy,sub-061,"Parahippocampal Gyrus, posterior division",-0.2959,0.0,0.0001,-2,-0.0016,0.0758,-3.88,1.5,542.0,3.0,0.000107,True
lucy,sub-061,"Cingulate Gyrus, anterior division",-0.3875,0.0,0.0001,-2,-0.0003,0.0709,-5.4604,1.5,542.0,3.0,0.000107,True
lucy,sub-061,"Cingulate Gyrus, posterior division",-0.3971,0.0,0.0001,-2,0.0001,0.0694,-5.7234,1.5,542.0,3.0,0.000107,True
merlin,sub-075,"Superior Temporal Gyrus, anterior division",-0.6022,0.0,0.0001,1,0.0008,0.0629,-9.5834,1.5,886.0,33.5,0.00016,True
merlin,sub-075,"Superior Temporal Gyrus, posterior division",-0.6573,0.0,0.0001,-2,-0.0001,0.0609,-10.7863,1.5,886.0,33.5,0.00016,True
merlin,sub-075,"Middle Temporal Gyrus, anterior division",-0.628,0.0,0.0001,-2,0.0004,0.062,-10.1438,1.5,886.0,33.5,0.00016,True
merlin,sub-075,"Middle Temporal Gyrus, posterior division",-0.27,0.0,0.0001,6,0.0008,0.0666,-4.0648,1.5,886.0,33.5,0.00016,True
merlin,sub-075,"Inferior Frontal Gyrus, pars triangularis",0.022,0.595273,0.9961,6,0.0009,0.0707,0.2993,1.5,886.0,33.5,0.9961,False
merlin,sub-075,"Inferior Frontal Gyrus, pars opercularis",0.1315,0.001448,0.010099,6,0.0012,0.0688,1.894,1.5,886.0,33.5,0.013465,True
merlin,sub-075,Angular Gyrus,0.3934,0.0,0.0001,-2,-0.0003,0.0636,6.1886,1.5,886.0,33.5,0.00016,True
merlin,sub-075,"Supramarginal Gyrus, anterior division",0.0693,0.093092,0.362764,-2,-0.0005,0.0678,1.03,1.5,886.0,33.5,0.446479,False
merlin,sub-075,"Supramarginal Gyrus, posterior division",0.2498,0.0,0.0001,-2,-0.0002,0.067,3.7291,1.5,886.0,33.5,0.00016,True
merlin,sub-075,Frontal Pole,-0.5783,0.0,0.0001,-2,0.0002,0.0647,-8.9388,1.5,886.0,33.5,0.00016,True
merlin,sub-075,"Temporal Fusiform Cortex, anterior division",0.2452,0.0,0.0001,-2,0.0005,0.067,3.6534,1.5,886.0,33.5,0.00016,True
merlin,sub-075,"Temporal Fusiform Cortex, posterior division",-0.0594,0.152004,0.60454,6,0.0003,0.0716,-0.8328,1.5,886.0,33.5,0.690903,False
merlin,sub-075,"Parahippocampal Gyrus, anterior division",0.132,0.001333,0.008399,-2,-0.0003,0.0686,1.9306,1.5,886.0,33.5,0.012217,True
merlin,sub-075,"Parahippocampal Gyrus, posterior division",-0.2845,0.0,0.0001,2,-0.0004,0.0688,-4.1318,1.5,886.0,33.5,0.00016,True
merlin,sub-075,"Cingulate Gyrus, anterior division",0.0373,0.367849,0.912709,6,0.0007,0.0704,0.5201,1.5,886.0,33.5,0.973556,False
merlin,sub-075,"Cingulate Gyrus, posterior division",0.2248,0.0,0.0001,-1,0.0013,0.0675,3.3116,1.5,886.0,33.5,0.00016,True
merlin,sub-146,"Superior Temporal Gyrus, anterior division",0.0993,0.016368,0.09889,6,0.0002,0.0715,1.3859,1.5,886.0,33.5,0.09889,False
merlin,sub-146,"Superior Temporal Gyrus, posterior division",0.2981,0.0,0.0001,-2,0.0002,0.0509,5.8474,1.5,886.0,33.5,0.000114,True
merlin,sub-146,"Middle Temporal Gyrus, anterior division",0.3335,0.0,0.0001,-2,0.0004,0.052,6.4077,1.5,886.0,33.5,0.000114,True
merlin,sub-146,"Middle Temporal Gyrus, posterior division",0.3341,0.0,0.0001,6,0.0008,0.0663,5.0246,1.5,886.0,33.5,0.000114,True
merlin,sub-146,"Inferior Frontal Gyrus, pars triangularis",0.2393,0.0,0.0001,5,-0.0003,0.0692,3.4643,1.5,886.0,33.5,0.000114,True
merlin,sub-146,"Inferior Frontal Gyrus, pars opercularis",-0.2702,0.0,0.0001,-2,0.0001,0.0574,-4.7053,1.5,886.0,33.5,0.000114,True
merlin,sub-146,Angular Gyrus,-0.3083,0.0,0.0001,-2,0.0003,0.0523,-5.8979,1.5,886.0,33.5,0.000114,True
merlin,sub-146,"Supramarginal Gyrus, anterior division",-0.3144,0.0,0.0001,-2,0.0002,0.0552,-5.6943,1.5,886.0,33.5,0.000114,True
merlin,sub-146,"Supramarginal Gyrus, posterior division",-0.3062,0.0,0.0001,-2,-0.0,0.0541,-5.6555,1.5,886.0,33.5,0.000114,True
merlin,sub-146,Frontal Pole,0.2352,0.0,0.0001,6,0.0009,0.0733,3.1969,1.5,886.0,33.5,0.000114,True
merlin,sub-146,"Temporal Fusiform Cortex, anterior division",0.3183,0.0,0.0001,-2,0.0003,0.0515,6.1752,1.5,886.0,33.5,0.000114,True
merlin,sub-146,"Temporal Fusiform Cortex, posterior division",0.3058,0.0,0.0001,6,-0.0006,0.062,4.9434,1.5,886.0,33.5,0.000114,True
merlin,sub-146,"Parahippocampal Gyrus, anterior division",0.1966,2e-06,0.0001,6,0.0003,0.069,2.8439,1.5,886.0,33.5,0.000114,True
merlin,sub-146,"Parahippocampal Gyrus, posterior division",0.2002,1e-06,0.0002,6,0.0006,0.0686,2.91,1.5,886.0,33.5,0.000213,True
merlin,sub-146,"Cingulate Gyrus, anterior division",0.2505,0.0,0.0001,6,0.0,0.0666,3.7638,1.5,886.0,33.5,0.000114,True
merlin,sub-146,"Cingulate Gyrus, posterior division",-0.1626,7.5e-05,0.0001,-2,0.0004,0.0648,-2.5153,1.5,886.0,33.5,0.000114,True
merlin,sub-147,"Superior Temporal Gyrus, anterior division",-0.1415,0.000604,0.0046,6,-0.0006,0.0669,-2.1047,1.5,886.0,33.5,0.008178,True
merlin,sub-147,"Superior Temporal Gyrus, posterior division",0.0855,0.038796,0.117988,6,-0.0,0.0611,1.4005,1.5,886.0,33.5,0.171619,False
merlin,sub-147,"Middle Temporal Gyrus, anterior division",-0.0908,0.027642,0.153785,-2,-0.0001,0.0708,-1.2824,1.5,886.0,33.5,0.189274,False
merlin,sub-147,"Middle Temporal Gyrus, posterior division",-0.1726,2.8e-05,0.0004,6,-0.0005,0.0606,-2.8403,1.5,886.0,33.5,0.001067,True
merlin,sub-147,"Inferior Frontal Gyrus, pars triangularis",-0.1946,2e-06,0.0001,6,0.0012,0.0608,-3.2221,1.5,886.0,33.5,0.00032,True
merlin,sub-147,"Inferior Frontal Gyrus, pars opercularis",-0.1439,0.000486,0.0013,6,-0.0007,0.0531,-2.6974,1.5,886.0,33.5,0.0026,True
merlin,sub-147,Angular Gyrus,-0.0395,0.340426,0.584842,6,0.0004,0.0555,-0.7206,1.5,886.0,33.5,0.668391,False
merlin,sub-147,"Supramarginal Gyrus, anterior division",-0.0195,0.638625,0.981902,6,0.0004,0.0618,-0.3209,1.5,886.0,33.5,0.981902,False
merlin,sub-147,"Supramarginal Gyrus, posterior division",0.0451,0.275212,0.634137,-2,0.0006,0.0615,0.7233,1.5,886.0,33.5,0.676413,False
merlin,sub-147,Frontal Pole,-0.107,0.009663,0.056994,6,-0.0016,0.0705,-1.4954,1.5,886.0,33.5,0.09119,False
merlin,sub-147,"Temporal Fusiform Cortex, anterior division",-0.3857,0.0,0.0001,-2,-0.0013,0.0659,-5.8283,1.5,886.0,33.5,0.00032,True
merlin,sub-147,"Temporal Fusiform Cortex, posterior division",-0.2692,0.0,0.0001,6,-0.0002,0.0665,-4.0452,1.5,886.0,33.5,0.00032,True
merlin,sub-147,"Parahippocampal Gyrus, anterior division",-0.3371,0.0,0.0001,6,0.0004,0.0649,-5.2035,1.5,886.0,33.5,0.00032,True
merlin,sub-147,"Parahippocampal Gyrus, posterior division",-0.0882,0.033117,0.138886,6,0.0001,0.0658,-1.3415,1.5,886.0,33.5,0.185181,False
merlin,sub-147,"Cingulate Gyrus, anterior division",-0.1917,3e-06,0.0001,6,-0.0001,0.0752,-2.5464,1.5,886.0,33.5,0.00032,True
merlin,sub-147,"Cingulate Gyrus, posterior division",-0.1553,0.000165,0.0011,6,-0.0002,0.0659,-2.3529,1.5,886.0,33.5,0.002514,True
merlin,sub-148,"Superior Temporal Gyrus, anterior division",0.0191,0.643157,0.9969,-2,-0.0004,0.0693,0.2817,1.5,886.0,33.5,0.9988,False
merlin,sub-148,"Superior Temporal Gyrus, posterior division",0.0367,0.373874,0.905109,0,-0.0011,0.0696,0.542,1.5,886.0,33.5,0.9988,False
merlin,sub-148,"Middle Temporal Gyrus, anterior division",0.0165,0.68986,0.9988,0,-0.0004,0.0697,0.2425,1.5,886.0,33.5,0.9988,False
merlin,sub-148,"Middle Temporal Gyrus, posterior division",-0.1555,0.000154,0.0011,-2,-0.0011,0.0723,-2.1343,1.5,886.0,33.5,0.00352,True
merlin,sub-148,"Inferior Frontal Gyrus, pars triangularis",-0.2228,0.0,0.0001,6,0.0005,0.0673,-3.32,1.5,886.0,33.5,0.0004,True
merlin,sub-148,"Inferior Frontal Gyrus, pars opercularis",-0.1896,4e-06,0.0001,6,-0.0007,0.0635,-2.9743,1.5,886.0,33.5,0.0004,True
merlin,sub-148,Angular Gyrus,-0.1126,0.006457,0.028297,6,0.0001,0.0643,-1.7519,1.5,886.0,33.5,0.064679,False
merlin,sub-148,"Supramarginal Gyrus, anterior division",-0.118,0.004312,0.018298,6,0.0,0.0636,-1.8553,1.5,886.0,33.5,0.048795,True
merlin,sub-148,"Supramarginal Gyrus, posterior division",-0.1902,4e-06,0.0001,6,0.0002,0.0653,-2.9162,1.5,886.0,33.5,0.0004,True
merlin,sub-148,Frontal Pole,-0.0555,0.180739,0.623838,6,-0.0007,0.0693,-0.7892,1.5,886.0,33.5,0.930525,False
merlin,sub-148,"Temporal Fusiform Cortex, anterior division",0.2198,0.0,0.0001,6,0.0013,0.0692,3.1586,1.5,886.0,33.5,0.0004,True
merlin,sub-148,"Temporal Fusiform Cortex, posterior division",0.0581,0.159487,0.620938,-2,-0.0002,0.0716,0.8144,1.5,886.0,33.5,0.930525,False
merlin,sub-148,"Parahippocampal Gyrus, anterior division",0.0558,0.178107,0.639736,6,-0.0,0.0706,0.7901,1.5,886.0,33.5,0.930525,False
merlin,sub-148,"Parahippocampal Gyrus, posterior division",0.0985,0.016872,0.090791,-2,0.0007,0.0685,1.4274,1.5,886.0,33.5,0.181582,False
merlin,sub-148,"Cingulate Gyrus, anterior division",0.036,0.383925,0.909409,-2,-0.0004,0.0692,0.5255,1.5,886.0,33.5,0.9988,False
merlin,sub-148,"Cingulate Gyrus, posterior division",0.0311,0.451806,0.927307,-2,0.0004,0.0663,0.4637,1.5,886.0,33.5,0.9988,False
merlin,sub-149,"Superior Temporal Gyrus, anterior division",-0.3799,0.0,0.0001,6,0.0008,0.0635,-5.997,1.5,886.0,33.5,0.000229,True
merlin,sub-149,"Superior Temporal Gyrus, posterior division",0.0377,0.361641,0.858814,-2,0.0003,0.0671,0.5576,1.5,886.0,33.5,0.981502,False
merlin,sub-149,"Middle Temporal Gyrus, anterior division",-0.0455,0.272165,0.780522,6,0.0011,0.0694,-0.6712,1.5,886.0,33.5,0.981502,False
merlin,sub-149,"Middle Temporal Gyrus, posterior division",-0.137,0.00087,0.0041,-2,-0.0001,0.0613,-2.2313,1.5,886.0,33.5,0.0082,True
merlin,sub-149,"Inferior Frontal Gyrus, pars triangularis",-0.5792,0.0,0.0001,6,-0.0002,0.0583,-9.9284,1.5,886.0,33.5,0.000229,True
merlin,sub-149,"Inferior Frontal Gyrus, pars opercularis",-0.5592,0.0,0.0001,6,0.0,0.0529,-10.5691,1.5,886.0,33.5,0.000229,True
merlin,sub-149,Angular Gyrus,-0.3263,0.0,0.0001,-2,-0.0002,0.0528,-6.178,1.5,886.0,33.5,0.000229,True
merlin,sub-149,"Supramarginal Gyrus, anterior division",-0.4207,0.0,0.0001,6,0.0,0.054,-7.7978,1.5,886.0,33.5,0.000229,True
merlin,sub-149,"Supramarginal Gyrus, posterior division",-0.3895,0.0,0.0001,0,-0.0011,0.0522,-7.4379,1.5,886.0,33.5,0.000229,True
merlin,sub-149,Frontal Pole,-0.0503,0.223342,0.79792,-2,-0.0001,0.0734,-0.6832,1.5,886.0,33.5,0.981502,False
merlin,sub-149,"Temporal Fusiform Cortex, anterior division",0.3799,0.0,0.0001,-2,0.001,0.0619,6.1152,1.5,886.0,33.5,0.000229,True
merlin,sub-149,"Temporal Fusiform Cortex, posterior division",0.081,0.049568,0.326167,-2,0.0012,0.0762,1.0475,1.5,886.0,33.5,0.579852,False
merlin,sub-149,"Parahippocampal Gyrus, anterior division",0.0556,0.177989,0.773423,-2,0.0009,0.0763,0.7183,1.5,886.0,33.5,0.981502,False
merlin,sub-149,"Parahippocampal Gyrus, posterior division",-0.0363,0.379254,0.854215,-2,-0.0004,0.0654,-0.5494,1.5,886.0,33.5,0.981502,False
merlin,sub-149,"Cingulate Gyrus, anterior division",-0.0106,0.79733,1.0,6,0.0001,0.0732,-0.1475,1.5,886.0,33.5,1.0,False
merlin,sub-149,"Cingulate Gyrus, posterior division",0.0112,0.786421,1.0,-2,-0.0003,0.0741,0.1558,1.5,886.0,33.5,1.0,False
merlin,sub-150,"Superior Temporal Gyrus, anterior division",-0.3984,0.0,0.0001,-1,0.0008,0.0551,-7.2433,1.5,886.0,33.5,0.000123,True
merlin,sub-150,"Superior Temporal Gyrus, posterior division",-0.4203,0.0,0.0001,0,-0.0008,0.0519,-8.0786,1.5,886.0,33.5,0.000123,True
merlin,sub-150,"Middle Temporal Gyrus, anterior division",-0.3621,0.0,0.0001,-2,-0.0002,0.0533,-6.787,1.5,886.0,33.5,0.000123,True
merlin,sub-150,"Middle Temporal Gyrus, posterior division",-0.1719,2.7e-05,0.0003,0,-0.0009,0.0621,-2.7536,1.5,886.0,33.5,0.000343,True
merlin,sub-150,"Inferior Frontal Gyrus, pars triangularis",-0.2124,0.0,0.0001,0,-0.0008,0.0721,-2.9345,1.5,886.0,33.5,0.000123,True
merlin,sub-150,"Inferior Frontal Gyrus, pars opercularis",0.3581,0.0,0.0001,-2,-0.0004,0.0542,6.6137,1.5,886.0,33.5,0.000123,True
merlin,sub-150,Angular Gyrus,0.3723,0.0,0.0001,-2,0.0003,0.0548,6.7872,1.5,886.0,33.5,0.000123,True
merlin,sub-150,"Supramarginal Gyrus, anterior division",0.3461,0.0,0.0001,-2,-0.0005,0.0574,6.0332,1.5,886.0,33.5,0.000123,True
merlin,sub-150,"Supramarginal Gyrus, posterior division",0.39,0.0,0.0001,-2,0.0007,0.0562,6.9212,1.5,886.0,33.5,0.000123,True
merlin,sub-150,Frontal Pole,-0.4129,0.0,0.0001,0,-0.0002,0.0562,-7.3402,1.5,886.0,33.5,0.000123,True
merlin,sub-150,"Temporal Fusiform Cortex, anterior division",0.3491,0.0,0.0001,6,0.0005,0.0581,6.0054,1.5,886.0,33.5,0.000123,True
merlin,sub-150,"Temporal Fusiform Cortex, posterior division",0.1188,0.004053,0.024498,6,0.0001,0.069,1.7193,1.5,886.0,33.5,0.026131,True
merlin,sub-150,"Parahippocampal Gyrus, anterior division",0.3278,0.0,0.0001,6,0.0004,0.0583,5.6197,1.5,886.0,33.5,0.000123,True
merlin,sub-150,"Parahippocampal Gyrus, posterior division",-0.2143,0.0,0.0001,-2,-0.0003,0.0672,-3.1864,1.5,886.0,33.5,0.000123,True
merlin,sub-150,"Cingulate Gyrus, anterior division",0.0603,0.144384,0.533847,-2,-0.0011,0.0691,0.8886,1.5,886.0,33.5,0.533847,False
merlin,sub-150,"Cingulate Gyrus, posterior division",0.35,0.0,0.0001,-2,0.0008,0.0594,5.8822,1.5,886.0,33.5,0.000123,True
merlin,sub-151,"Superior Temporal Gyrus, anterior division",0.0579,0.161006,0.322668,-2,-0.0,0.0553,1.0478,1.5,886.0,33.5,0.322668,False
merlin,sub-151,"Superior Temporal Gyrus, posterior division",0.3109,0.0,0.0001,-2,0.0004,0.0469,6.6155,1.5,886.0,33.5,0.000123,True
merlin,sub-151,"Middle Temporal Gyrus, anterior division",0.254,0.0,0.0001,4,0.0006,0.047,5.3918,1.5,886.0,33.5,0.000123,True
merlin,sub-151,"Middle Temporal Gyrus, posterior division",-0.3502,0.0,0.0001,-2,-0.0002,0.0501,-6.9863,1.5,886.0,33.5,0.000123,True
merlin,sub-151,"Inferior Frontal Gyrus, pars triangularis",0.2049,1e-06,0.0001,6,-0.0012,0.0679,3.0365,1.5,886.0,33.5,0.000123,True
merlin,sub-151,"Inferior Frontal Gyrus, pars opercularis",-0.4751,0.0,0.0001,-1,0.0002,0.0644,-7.3841,1.5,886.0,33.5,0.000123,True
merlin,sub-151,Angular Gyrus,-0.6746,0.0,0.0001,-2,-0.0003,0.0489,-13.7821,1.5,886.0,33.5,0.000123,True
merlin,sub-151,"Supramarginal Gyrus, anterior division",-0.6326,0.0,0.0001,4,0.0002,0.0514,-12.3222,1.5,886.0,33.5,0.000123,True
merlin,sub-151,"Supramarginal Gyrus, posterior division",-0.6743,0.0,0.0001,-2,-0.0009,0.0501,-13.4303,1.5,886.0,33.5,0.000123,True
merlin,sub-151,Frontal Pole,0.2836,0.0,0.0001,-2,0.0002,0.0545,5.1989,1.5,886.0,33.5,0.000123,True
merlin,sub-151,"Temporal Fusiform Cortex, anterior division",0.5577,0.0,0.0001,4,0.0009,0.0602,9.2474,1.5,886.0,33.5,0.000123,True
merlin,sub-151,"Temporal Fusiform Cortex, posterior division",-0.0912,0.027093,0.061694,-2,-0.0009,0.0545,-1.6555,1.5,886.0,33.5,0.065807,False
merlin,sub-151,"Parahippocampal Gyrus, anterior division",0.2737,0.0,0.0001,6,0.0006,0.0698,3.9159,1.5,886.0,33.5,0.000123,True
merlin,sub-151,"Parahippocampal Gyrus, posterior division",-0.3108,0.0,0.0001,-2,-0.0,0.0536,-5.7985,1.5,886.0,33.5,0.000123,True
merlin,sub-151,"Cingulate Gyrus, anterior division",-0.1397,0.000712,0.005799,6,0.0013,0.0734,-1.9218,1.5,886.0,33.5,0.006627,True
merlin,sub-151,"Cingulate Gyrus, posterior division",-0.6009,0.0,0.0001,-1,-0.0001,0.0573,-10.4861,1.5,886.0,33.5,0.000123,True
merlin,sub-152,"Superior Temporal Gyrus, anterior division",0.4884,0.0,0.0001,6,-0.0007,0.0543,9.0004,1.5,886.0,33.5,0.00016,True
merlin,sub-152,"Superior Temporal Gyrus, posterior division",0.5023,0.0,0.0001,6,0.0007,0.0511,9.8238,1.5,886.0,33.5,0.00016,True
merlin,sub-152,"Middle Temporal Gyrus, anterior division",0.4818,0.0,0.0001,6,-0.0002,0.0529,9.1048,1.5,886.0,33.5,0.00016,True
merlin,sub-152,"Middle Temporal Gyrus, posterior division",0.3327,0.0,0.0001,6,0.0005,0.0609,5.458,1.5,886.0,33.5,0.00016,True
merlin,sub-152,"Inferior Frontal Gyrus, pars triangularis",-0.1355,0.000985,0.005799,-2,-0.0004,0.0719,-1.8806,1.5,886.0,33.5,0.007732,True
merlin,sub-152,"Inferior Frontal Gyrus, pars opercularis",-0.3385,0.0,0.0001,6,-0.0007,0.0624,-5.4115,1.5,886.0,33.5,0.00016,True
merlin,sub-152,Angular Gyrus,-0.2435,0.0,0.0001,6,-0.0003,0.0662,-3.673,1.5,886.0,33.5,0.00016,True
merlin,sub-152,"Supramarginal Gyrus, anterior division",-0.1674,4.8e-05,0.0005,6,-0.0001,0.0668,-2.5055,1.5,886.0,33.5,0.000727,True
merlin,sub-152,"Supramarginal Gyrus, posterior division",-0.2672,0.0,0.0001,6,-0.0015,0.0654,-4.0653,1.5,886.0,33.5,0.00016,True
merlin,sub-152,Frontal Pole,0.4987,0.0,0.0001,6,0.0006,0.0611,8.1501,1.5,886.0,33.5,0.00016,True
merlin,sub-152,"Temporal Fusiform Cortex, anterior division",-0.2424,0.0,0.0001,-2,-0.001,0.0627,-3.846,1.5,886.0,33.5,0.00016,True
merlin,sub-152,"Temporal Fusiform Cortex, posterior division",0.0552,0.182875,0.59614,6,0.0011,0.0681,0.7945,1.5,886.0,33.5,0.635883,False
merlin,sub-152,"Parahippocampal Gyrus, anterior division",0.0851,0.039869,0.20158,6,0.0004,0.0699,1.2108,1.5,886.0,33.5,0.230377,False
merlin,sub-152,"Parahippocampal Gyrus, posterior division",0.1886,4e-06,0.0001,6,0.0005,0.0675,2.7893,1.5,886.0,33.5,0.00016,True
merlin,sub-152,"Cingulate Gyrus, anterior division",0.1084,0.008739,0.040596,6,-0.0007,0.0657,1.6607,1.5,886.0,33.5,0.049964,True
merlin,sub-152,"Cingulate Gyrus, posterior division",-0.0261,0.52739,0.964604,-2,-0.0009,0.0661,-0.382,1.5,886.0,33.5,0.964604,False
merlin,sub-153,"Superior Temporal Gyrus, anterior division",0.0116,0.780585,0.9997,6,-0.0005,0.0694,0.1737,1.5,886.0,33.5,0.9998,False
merlin,sub-153,"Superior Temporal Gyrus, posterior division",0.1874,5e-06,0.0002,6,0.0004,0.0661,2.828,1.5,886.0,33.5,0.000533,True
merlin,sub-153,"Middle Temporal Gyrus, anterior division",0.1561,0.000152,0.0009,6,0.0002,0.0669,2.3298,1.5,886.0,33.5,0.0018,True
merlin,sub-153,"Middle Temporal Gyrus, posterior division",-0.0716,0.082853,0.411359,-2,-0.0015,0.0724,-0.9691,1.5,886.0,33.5,0.59834,False
merlin,sub-153,"Inferior Frontal Gyrus, pars triangularis",-0.182,9e-06,0.0003,-2,0.0007,0.0689,-2.6511,1.5,886.0,33.5,0.000686,True
merlin,sub-153,"Inferior Frontal Gyrus, pars opercularis",-0.2327,0.0,0.0001,-2,0.0002,0.0619,-3.7646,1.5,886.0,33.5,0.00032,True
merlin,sub-153,Angular Gyrus,-0.2508,0.0,0.0001,-2,0.0004,0.0624,-4.0264,1.5,886.0,33.5,0.00032,True
merlin,sub-153,"Supramarginal Gyrus, anterior division",-0.219,0.0,0.0001,-2,-0.0009,0.0618,-3.5316,1.5,886.0,33.5,0.00032,True
merlin,sub-153,"Supramarginal Gyrus, posterior division",-0.24,0.0,0.0001,-2,-0.0008,0.0611,-3.9112,1.5,886.0,33.5,0.00032,True
merlin,sub-153,Frontal Pole,-0.063,0.126757,0.525247,-2,-0.0002,0.0711,-0.884,1.5,886.0,33.5,0.700329,False
merlin,sub-153,"Temporal Fusiform Cortex, anterior division",0.2221,0.0,0.0001,6,0.0002,0.062,3.5762,1.5,886.0,33.5,0.00032,True
merlin,sub-153,"Temporal Fusiform Cortex, posterior division",-0.0193,0.641765,0.9969,6,0.0009,0.071,-0.2843,1.5,886.0,33.5,0.9998,False
merlin,sub-153,"Parahippocampal Gyrus, anterior division",0.0243,0.557154,0.9958,5,-0.0001,0.0732,0.3338,1.5,886.0,33.5,0.9998,False
merlin,sub-153,"Parahippocampal Gyrus, posterior division",-0.1029,0.012865,0.075492,6,0.0009,0.0699,-1.4842,1.5,886.0,33.5,0.120787,False
merlin,sub-153,"Cingulate Gyrus, anterior division",0.0104,0.801516,0.9998,6,0.0002,0.0692,0.1476,1.5,886.0,33.5,0.9998,False
merlin,sub-153,"Cingulate Gyrus, posterior division",-0.1406,0.000627,0.0038,-2,-0.0001,0.0649,-2.1668,1.5,886.0,33.5,0.006756,True
merlin,sub-154,"Superior Temporal Gyrus, anterior division",-0.134,0.00113,0.008299,-2,0.0006,0.0659,-2.0403,1.5,886.0,33.5,0.026557,True
merlin,sub-154,"Superior Temporal Gyrus, posterior division",-0.1487,0.000297,0.0021,-2,-0.001,0.0683,-2.161,1.5,886.0,33.5,0.0084,True
merlin,sub-154,"Middle Temporal Gyrus, anterior division",-0.0553,0.180803,0.437756,-2,-0.0006,0.0609,-0.8989,1.5,886.0,33.5,0.70041,False
merlin,sub-154,"Middle Temporal Gyrus, posterior division",-0.1923,3e-06,0.0002,-2,-0.0002,0.0704,-2.7308,1.5,886.0,33.5,0.0016,True
merlin,sub-154,"Inferior Frontal Gyrus, pars triangularis",-0.1033,0.012201,0.068493,-2,-0.0008,0.0683,-1.5011,1.5,886.0,33.5,0.136986,False
merlin,sub-154,"Inferior Frontal Gyrus, pars opercularis",0.0286,0.489429,0.969403,-2,0.0012,0.0696,0.3932,1.5,886.0,33.5,0.9995,False
merlin,sub-154,Angular Gyrus,-0.1238,0.002719,0.017598,6,0.0009,0.0706,-1.7676,1.5,886.0,33.5,0.046928,True
merlin,sub-154,"Supramarginal Gyrus, anterior division",-0.058,0.161422,0.547645,6,-0.0007,0.068,-0.8431,1.5,886.0,33.5,0.796575,False
merlin,sub-154,"Supramarginal Gyrus, posterior division",-0.0817,0.048438,0.228977,6,-0.0008,0.0694,-1.1657,1.5,886.0,33.5,0.40707,False
merlin,sub-154,Frontal Pole,-0.1863,5e-06,0.0001,-2,0.0003,0.0639,-2.923,1.5,886.0,33.5,0.0016,True
merlin,sub-154,"Temporal Fusiform Cortex, anterior division",0.0435,0.293472,0.90231,6,0.0,0.074,0.5886,1.5,886.0,33.5,0.9995,False
merlin,sub-154,"Temporal Fusiform Cortex, posterior division",-0.021,0.611538,0.9988,-2,-0.0012,0.0729,-0.2718,1.5,886.0,33.5,0.9995,False
merlin,sub-154,"Parahippocampal Gyrus, anterior division",-0.1115,0.00679,0.051995,-2,0.0009,0.0751,-1.4959,1.5,886.0,33.5,0.118846,False
merlin,sub-154,"Parahippocampal Gyrus, posterior division",-0.1568,0.000143,0.0005,6,0.0006,0.071,-2.2155,1.5,886.0,33.5,0.002667,True
merlin,sub-154,"Cingulate Gyrus, anterior division",0.0158,0.701926,0.9995,-2,0.0001,0.0725,0.2166,1.5,886.0,33.5,0.9995,False
merlin,sub-154,"Cingulate Gyrus, posterior division",-0.0202,0.625735,0.9965,6,0.0002,0.0708,-0.2879,1.5,886.0,33.5,0.9995,False
notthefallintact,sub-317,"Superior Temporal Gyrus, anterior division",0.2226,1.9e-05,0.0001,-2,0.0006,0.071,3.125,1.5,547.0,29.5,0.000123,True
notthefallintact,sub-317,"Superior Temporal Gyrus, posterior division",0.1322,0.011816,0.030297,-2,-0.0007,0.0683,1.9468,1.5,547.0,29.5,0.032317,True
notthefallintact,sub-317,"Middle Temporal Gyrus, anterior division",0.152,0.003747,0.010999,-2,-0.0008,0.0694,2.2004,1.5,547.0,29.5,0.01257,True
notthefallintact,sub-317,"Middle Temporal Gyrus, posterior division",0.2758,0.0,0.0001,-2,0.0003,0.0793,3.4718,1.5,547.0,29.5,0.000123,True
notthefallintact,sub-317,"Inferior Frontal Gyrus, pars triangularis",0.4543,0.0,0.0001,-1,0.0008,0.0774,5.862,1.5,547.0,29.5,0.000123,True
notthefallintact,sub-317,"Inferior Frontal Gyrus, pars opercularis",0.4091,0.0,0.0001,6,-0.0002,0.0854,4.7921,1.5,547.0,29.5,0.000123,True
notthefallintact,sub-317,Angular Gyrus,-0.1364,0.009371,0.033197,-2,0.0008,0.0763,-1.7983,1.5,547.0,29.5,0.033197,True
notthefallintact,sub-317,"Supramarginal Gyrus, anterior division",0.4104,0.0,0.0001,6,0.0,0.0891,4.6075,1.5,547.0,29.5,0.000123,True
notthefallintact,sub-317,"Supramarginal Gyrus, posterior division",0.3666,0.0,0.0001,6,0.0006,0.0892,4.1046,1.5,547.0,29.5,0.000123,True
notthefallintact,sub-317,Frontal Pole,0.3316,0.0,0.0001,-2,0.0004,0.0712,4.6523,1.5,547.0,29.5,0.000123,True
notthefallintact,sub-317,"Temporal Fusiform Cortex, anterior division",0.4431,0.0,0.0001,-2,0.0002,0.0774,5.7245,1.5,547.0,29.5,0.000123,True
notthefallintact,sub-317,"Temporal Fusiform Cortex, posterior division",0.2852,0.0,0.0001,-1,-0.0016,0.0868,3.3034,1.5,547.0,29.5,0.000123,True
notthefallintact,sub-317,"Parahippocampal Gyrus, anterior division",0.4367,0.0,0.0001,-2,-0.0006,0.0755,5.7943,1.5,547.0,29.5,0.000123,True
notthefallintact,sub-317,"Parahippocampal Gyrus, posterior division",0.3269,0.0,0.0001,-2,0.0014,0.0856,3.8019,1.5,547.0,29.5,0.000123,True
notthefallintact,sub-317,"Cingulate Gyrus, anterior division",0.4947,0.0,0.0001,-2,0.0007,0.081,6.0985,1.5,547.0,29.5,0.000123,True
notthefallintact,sub-317,"Cingulate Gyrus, posterior division",0.3624,0.0,0.0001,6,0.0001,0.0877,4.1326,1.5,547.0,29.5,0.000123,True
notthefallintact,sub-318,"Superior Temporal Gyrus, anterior division",0.2908,0.0,0.0001,0,0.0008,0.08,3.6261,1.5,547.0,29.5,0.000133,True
notthefallintact,sub-318,"Superior Temporal Gyrus, posterior division",0.3315,0.0,0.0001,4,-0.0004,0.0791,4.1953,1.5,547.0,29.5,0.000133,True
notthefallintact,sub-318,"Middle Temporal Gyrus, anterior division",0.0837,0.111093,0.373163,0,0.0005,0.0833,0.9987,1.5,547.0,29.5,0.426472,False
notthefallintact,sub-318,"Middle Temporal Gyrus, posterior division",0.0373,0.479368,0.958904,-2,0.0008,0.0865,0.4218,1.5,547.0,29.5,0.9991,False
notthefallintact,sub-318,"Inferior Frontal Gyrus, pars triangularis",0.4858,0.0,0.0001,-2,0.0011,0.0788,6.1519,1.5,547.0,29.5,0.000133,True
notthefallintact,sub-318,"Inferior Frontal Gyrus, pars opercularis",0.6153,0.0,0.0001,-2,0.0004,0.073,8.4264,1.5,547.0,29.5,0.000133,True
notthefallintact,sub-318,Angular Gyrus,0.5375,0.0,0.0001,-2,0.0005,0.0789,6.8017,1.5,547.0,29.5,0.000133,True
notthefallintact,sub-318,"Supramarginal Gyrus, anterior division",0.5583,0.0,0.0001,-2,-0.0007,0.0756,7.3963,1.5,547.0,29.5,0.000133,True
notthefallintact,sub-318,"Supramarginal Gyrus, posterior division",0.5498,0.0,0.0001,-2,0.0003,0.0773,7.1119,1.5,547.0,29.5,0.000133,True
notthefallintact,sub-318,Frontal Pole,0.5476,0.0,0.0001,-2,0.0004,0.0802,6.819,1.5,547.0,29.5,0.000133,True
notthefallintact,sub-318,"Temporal Fusiform Cortex, anterior division",-0.091,0.085601,0.359364,6,-0.0002,0.0886,-1.025,1.5,547.0,29.5,0.426472,False
notthefallintact,sub-318,"Temporal Fusiform Cortex, posterior division",0.0201,0.702963,0.9991,-2,-0.0003,0.0876,0.2324,1.5,547.0,29.5,0.9991,False
notthefallintact,sub-318,"Parahippocampal Gyrus, anterior division",0.3995,0.0,0.0001,-2,-0.0016,0.0808,4.964,1.5,547.0,29.5,0.000133,True
notthefallintact,sub-318,"Parahippocampal Gyrus, posterior division",0.3975,0.0,0.0001,-2,0.0005,0.0824,4.8204,1.5,547.0,29.5,0.000133,True
notthefallintact,sub-318,"Cingulate Gyrus, anterior division",0.5014,0.0,0.0001,-2,0.0001,0.0766,6.5485,1.5,547.0,29.5,0.000133,True
notthefallintact,sub-318,"Cingulate Gyrus, posterior division",0.5246,0.0,0.0001,-2,-0.0017,0.0763,6.9031,1.5,547.0,29.5,0.000133,True
notthefallintact,sub-319,"Superior Temporal Gyrus, anterior division",0.4315,0.0,0.0001,-2,0.0016,0.0811,5.3018,1.5,547.0,29.5,0.000114,True
notthefallintact,sub-319,"Superior Temporal Gyrus, posterior division",0.1134,0.030954,0.151385,-2,-0.0004,0.0868,1.3115,1.5,547.0,29.5,0.151385,False
notthefallintact,sub-319,"Middle Temporal Gyrus, anterior division",0.3362,0.0,0.0001,-2,-0.0008,0.0856,3.9386,1.5,547.0,29.5,0.000114,True
notthefallintact,sub-319,"Middle Temporal Gyrus, posterior division",0.4615,0.0,0.0001,0,0.0,0.0786,5.8716,1.5,547.0,29.5,0.000114,True
notthefallintact,sub-319,"Inferior Frontal Gyrus, pars triangularis",0.4692,0.0,0.0001,-2,0.0014,0.082,5.7082,1.5,547.0,29.5,0.000114,True
notthefallintact,sub-319,"Inferior Frontal Gyrus, pars opercularis",0.5102,0.0,0.0001,-2,-0.0002,0.0777,6.5668,1.5,547.0,29.5,0.000114,True
notthefallintact,sub-319,Angular Gyrus,0.3987,0.0,0.0001,1,0.0008,0.075,5.306,1.5,547.0,29.5,0.000114,True
notthefallintact,sub-319,"Supramarginal Gyrus, anterior division",0.4891,0.0,0.0001,0,-0.0001,0.0724,6.756,1.5,547.0,29.5,0.000114,True
notthefallintact,sub-319,"Supramarginal Gyrus, posterior division",0.4775,0.0,0.0001,-1,0.0007,0.0727,6.5569,1.5,547.0,29.5,0.000114,True
notthefallintact,sub-319,Frontal Pole,0.1945,0.000196,0.002,-2,-0.0007,0.0887,2.2007,1.5,547.0,29.5,0.002133,True
notthefallintact,sub-319,"Temporal Fusiform Cortex, anterior division",0.4652,0.0,0.0001,2,-0.0003,0.0864,5.3882,1.5,547.0,29.5,0.000114,True
notthefallintact,sub-319,"Temporal Fusiform Cortex, posterior division",0.3402,0.0,0.0001,2,-0.0005,0.0843,4.042,1.5,547.0,29.5,0.000114,True
notthefallintact,sub-319,"Parahippocampal Gyrus, anterior division",0.4629,0.0,0.0001,1,-0.0022,0.085,5.4698,1.5,547.0,29.5,0.000114,True
notthefallintact,sub-319,"Parahippocampal Gyrus, posterior division",0.379,0.0,0.0001,2,0.0005,0.0854,4.4339,1.5,547.0,29.5,0.000114,True
notthefallintact,sub-319,"Cingulate Gyrus, anterior division",0.405,0.0,0.0001,-2,-0.0003,0.0793,5.1146,1.5,547.0,29.5,0.000114,True
notthefallintact,sub-319,"Cingulate Gyrus, posterior division",0.4159,0.0,0.0001,-2,-0.0019,0.0774,5.3959,1.5,547.0,29.5,0.000114,True
notthefallintact,sub-320,"Superior Temporal Gyrus, anterior division",0.2318,8e-06,0.0002,2,0.001,0.0891,2.5918,1.5,547.0,29.5,0.00032,True
notthefallintact,sub-320,"Superior Temporal Gyrus, posterior division",-0.5359,0.0,0.0001,-2,-0.0004,0.0792,-6.7578,1.5,547.0,29.5,0.000178,True
notthefallintact,sub-320,"Middle Temporal Gyrus, anterior division",-0.4888,0.0,0.0001,-2,0.0004,0.082,-5.9663,1.5,547.0,29.5,0.000178,True
notthefallintact,sub-320,"Middle Temporal Gyrus, posterior division",0.077,0.145859,0.452255,6,0.0006,0.0833,0.9175,1.5,547.0,29.5,0.452255,False
notthefallintact,sub-320,"Inferior Frontal Gyrus, pars triangularis",0.4766,0.0,0.0001,-2,0.0007,0.082,5.8016,1.5,547.0,29.5,0.000178,True
notthefallintact,sub-320,"Inferior Frontal Gyrus, pars opercularis",0.5045,0.0,0.0001,-2,0.0004,0.0727,6.9335,1.5,547.0,29.5,0.000178,True
notthefallintact,sub-320,Angular Gyrus,0.193,0.000221,0.0019,-2,-0.0,0.0833,2.3169,1.5,547.0,29.5,0.002764,True
notthefallintact,sub-320,"Supramarginal Gyrus, anterior division",0.4229,0.0,0.0001,-2,-0.0007,0.0759,5.5789,1.5,547.0,29.5,0.000178,True
notthefallintact,sub-320,"Supramarginal Gyrus, posterior division",0.3843,0.0,0.0001,-2,0.0001,0.0789,4.8722,1.5,547.0,29.5,0.000178,True
notthefallintact,sub-320,Frontal Pole,0.1556,0.003003,0.023998,-2,0.0005,0.0946,1.6399,1.5,547.0,29.5,0.027426,True
notthefallintact,sub-320,"Temporal Fusiform Cortex, anterior division",-0.0826,0.116606,0.443656,-2,0.0016,0.0878,-0.9589,1.5,547.0,29.5,0.452255,False
notthefallintact,sub-320,"Temporal Fusiform Cortex, posterior division",0.1765,0.000716,0.005199,0,-0.0005,0.0884,2.0038,1.5,547.0,29.5,0.006932,True
notthefallintact,sub-320,"Parahippocampal Gyrus, anterior division",0.3636,0.0,0.0001,-2,0.0001,0.0837,4.3437,1.5,547.0,29.5,0.000178,True
notthefallintact,sub-320,"Parahippocampal Gyrus, posterior division",0.1725,0.000979,0.007699,-2,0.0008,0.0897,1.9149,1.5,547.0,29.5,0.009476,True
notthefallintact,sub-320,"Cingulate Gyrus, anterior division",0.2879,0.0,0.0001,-2,0.0003,0.0874,3.2921,1.5,547.0,29.5,0.000178,True
notthefallintact,sub-320,"Cingulate Gyrus, posterior division",0.2973,0.0,0.0001,-2,-0.0014,0.08,3.7329,1.5,547.0,29.5,0.000178,True
notthefallintact,sub-321,"Superior Temporal Gyrus, anterior division",0.3118,0.0,0.0001,-2,0.0006,0.0749,4.1566,1.5,547.0,29.5,0.000114,True
notthefallintact,sub-321,"Superior Temporal Gyrus, posterior division",0.391,0.0,0.0001,-2,0.0005,0.0723,5.4007,1.5,547.0,29.5,0.000114,True
notthefallintact,sub-321,"Middle Temporal Gyrus, anterior division",0.3127,0.0,0.0001,-2,-0.0001,0.0806,3.8826,1.5,547.0,29.5,0.000114,True
notthefallintact,sub-321,"Middle Temporal Gyrus, posterior division",0.1041,0.047814,0.177182,-2,0.0003,0.0813,1.2756,1.5,547.0,29.5,0.177182,False
notthefallintact,sub-321,"Inferior Frontal Gyrus, pars triangularis",0.4237,0.0,0.0001,-2,0.0006,0.0797,5.3128,1.5,547.0,29.5,0.000114,True
notthefallintact,sub-321,"Inferior Frontal Gyrus, pars opercularis",0.4837,0.0,0.0001,-2,0.0004,0.076,6.3612,1.5,547.0,29.5,0.000114,True
notthefallintact,sub-321,Angular Gyrus,0.3266,0.0,0.0001,6,-0.0004,0.0816,4.0082,1.5,547.0,29.5,0.000114,True
notthefallintact,sub-321,"Supramarginal Gyrus, anterior division",0.4859,0.0,0.0001,6,0.0002,0.0761,6.3859,1.5,547.0,29.5,0.000114,True
notthefallintact,sub-321,"Supramarginal Gyrus, posterior division",0.4417,0.0,0.0001,6,0.0008,0.0793,5.5569,1.5,547.0,29.5,0.000114,True
notthefallintact,sub-321,Frontal Pole,-0.1897,0.000308,0.002,6,0.0008,0.0786,-2.4233,1.5,547.0,29.5,0.002133,True
notthefallintact,sub-321,"Temporal Fusiform Cortex, anterior division",0.2756,0.0,0.0001,-2,0.0003,0.0741,3.7158,1.5,547.0,29.5,0.000114,True
notthefallintact,sub-321,"Temporal Fusiform Cortex, posterior division",0.3114,0.0,0.0001,-2,-0.0012,0.081,3.859,1.5,547.0,29.5,0.000114,True
notthefallintact,sub-321,"Parahippocampal Gyrus, anterior division",0.4505,0.0,0.0001,-2,-0.0005,0.0728,6.1984,1.5,547.0,29.5,0.000114,True
notthefallintact,sub-321,"Parahippocampal Gyrus, posterior division",0.2983,0.0,0.0001,-2,0.001,0.0803,3.7032,1.5,547.0,29.5,0.000114,True
notthefallintact,sub-321,"Cingulate Gyrus, anterior division",0.5284,0.0,0.0001,-2,-0.0011,0.0753,7.0331,1.5,547.0,29.5,0.000114,True
notthefallintact,sub-321,"Cingulate Gyrus, posterior division",0.542,0.0,0.0001,6,-0.0004,0.0772,7.022,1.5,547.0,29.5,0.000114,True
notthefallintact,sub-322,"Superior Temporal Gyrus, anterior division",0.3736,0.0,0.0001,6,-0.0009,0.085,4.4045,1.5,547.0,29.5,0.000267,True
notthefallintact,sub-322,"Superior Temporal Gyrus, posterior division",0.3029,0.0,0.0001,6,0.0002,0.0706,4.29,1.5,547.0,29.5,0.000267,True
notthefallintact,sub-322,"Middle Temporal Gyrus, anterior division",0.3152,0.0,0.0001,6,-0.0005,0.0682,4.6329,1.5,547.0,29.5,0.000267,True
notthefallintact,sub-322,"Middle Temporal Gyrus, posterior division",0.2768,0.0,0.0001,6,-0.0041,0.0911,3.084,1.5,547.0,29.5,0.000267,True
notthefallintact,sub-322,"Inferior Frontal Gyrus, pars triangularis",0.2326,9e-06,0.0001,6,-0.0023,0.0961,2.4455,1.5,547.0,29.5,0.000267,True
notthefallintact,sub-322,"Inferior Frontal Gyrus, pars opercularis",0.0175,0.741802,0.9998,6,-0.0017,0.0916,0.2093,1.5,547.0,29.5,0.9998,False
notthefallintact,sub-322,Angular Gyrus,-0.0691,0.189846,0.635636,-2,-0.003,0.0876,-0.7542,1.5,547.0,29.5,0.847515,False
notthefallintact,sub-322,"Supramarginal Gyrus, anterior division",-0.0268,0.611594,0.9979,-2,-0.0056,0.0944,-0.2244,1.5,547.0,29.5,0.9998,False
notthefallintact,sub-322,"Supramarginal Gyrus, posterior division",-0.0365,0.48932,0.987401,-2,-0.0042,0.0946,-0.3413,1.5,547.0,29.5,0.9998,False
notthefallintact,sub-322,Frontal Pole,0.2862,0.0,0.0001,6,0.0003,0.0818,3.4969,1.5,547.0,29.5,0.000267,True
notthefallintact,sub-322,"Temporal Fusiform Cortex, anterior division",0.1265,0.016045,0.039796,-2,0.0004,0.0687,1.8355,1.5,547.0,29.5,0.057885,False
notthefallintact,sub-322,"Temporal Fusiform Cortex, posterior division",0.1781,0.000665,0.0032,-2,-0.0044,0.0896,2.0365,1.5,547.0,29.5,0.005689,True
notthefallintact,sub-322,"Parahippocampal Gyrus, anterior division",0.1476,0.004904,0.027597,-2,-0.0028,0.0866,1.7359,1.5,547.0,29.5,0.044155,True
notthefallintact,sub-322,"Parahippocampal Gyrus, posterior division",0.1788,0.000609,0.0011,0,-0.0074,0.0983,1.894,1.5,547.0,29.5,0.0022,True
notthefallintact,sub-322,"Cingulate Gyrus, anterior division",0.1882,0.000305,0.0003,0,-0.0093,0.0987,1.9999,1.5,547.0,29.5,0.000686,True
notthefallintact,sub-322,"Cingulate Gyrus, posterior division",0.0778,0.142039,0.743426,6,-0.0071,0.0997,0.8504,1.5,547.0,29.5,0.914986,False
notthefallintact,sub-323,"Superior Temporal Gyrus, anterior division",0.4206,0.0,0.0001,6,0.0005,0.0882,4.7616,1.5,547.0,29.5,0.000114,True
notthefallintact,sub-323,"Superior Temporal Gyrus, posterior division",0.5789,0.0,0.0001,4,-0.0003,0.0793,7.3073,1.5,547.0,29.5,0.000114,True
notthefallintact,sub-323,"Middle Temporal Gyrus, anterior division",0.5472,0.0,0.0001,4,-0.0002,0.0776,7.054,1.5,547.0,29.5,0.000114,True
notthefallintact,sub-323,"Middle Temporal Gyrus, posterior division",0.5621,0.0,0.0001,-2,-0.0007,0.076,7.4065,1.5,547.0,29.5,0.000114,True
notthefallintact,sub-323,"Inferior Frontal Gyrus, pars triangularis",0.1859,0.000392,0.0031,4,0.0001,0.091,2.0425,1.5,547.0,29.5,0.003307,True
notthefallintact,sub-323,"Inferior Frontal Gyrus, pars opercularis",0.1529,0.003735,0.024798,6,0.0005,0.091,1.6745,1.5,547.0,29.5,0.024798,True
notthefallintact,sub-323,Angular Gyrus,0.6516,0.0,0.0001,-2,0.0003,0.0813,8.013,1.5,547.0,29.5,0.000114,True
notthefallintact,sub-323,"Supramarginal Gyrus, anterior division",0.5104,0.0,0.0001,6,-0.0,0.0825,6.1853,1.5,547.0,29.5,0.000114,True
notthefallintact,sub-323,"Supramarginal Gyrus, posterior division",0.5408,0.0,0.0001,3,0.0005,0.0825,6.5488,1.5,547.0,29.5,0.000114,True
notthefallintact,sub-323,Frontal Pole,0.2985,0.0,0.0001,5,0.0002,0.0868,3.4375,1.5,547.0,29.5,0.000114,True
notthefallintact,sub-323,"Temporal Fusiform Cortex, anterior division",0.2199,2.4e-05,0.0001,1,-0.0005,0.0822,2.6799,1.5,547.0,29.5,0.000114,True
notthefallintact,sub-323,"Temporal Fusiform Cortex, posterior division",0.4749,0.0,0.0001,-2,-0.0007,0.0815,5.8357,1.5,547.0,29.5,0.000114,True
notthefallintact,sub-323,"Parahippocampal Gyrus, anterior division",0.4466,0.0,0.0001,-2,-0.0007,0.0818,5.4713,1.5,547.0,29.5,0.000114,True
notthefallintact,sub-323,"Parahippocampal Gyrus, posterior division",0.4873,0.0,0.0001,-2,0.0014,0.0825,5.8884,1.5,547.0,29.5,0.000114,True
notthefallintact,sub-323,"Cingulate Gyrus, anterior division",0.4818,0.0,0.0001,0,0.0006,0.0875,5.5006,1.5,547.0,29.5,0.000114,True
notthefallintact,sub-323,"Cingulate Gyrus, posterior division",0.5521,0.0,0.0001,-2,-0.002,0.0855,6.4834,1.5,547.0,29.5,0.000114,True
notthefallintact,sub-324,"Superior Temporal Gyrus, anterior division",0.4113,0.0,0.0001,-2,0.0018,0.0855,4.7881,1.5,547.0,29.5,0.000114,True
notthefallintact,sub-324,"Superior Temporal Gyrus, posterior division",0.6363,0.0,0.0001,6,-0.0009,0.0775,8.2194,1.5,547.0,29.5,0.000114,True
notthefallintact,sub-324,"Middle Temporal Gyrus, anterior division",0.6662,0.0,0.0001,5,0.0006,0.0782,8.5162,1.5,547.0,29.5,0.000114,True
notthefallintact,sub-324,"Middle Temporal Gyrus, posterior division",0.3668,0.0,0.0001,-2,-0.0004,0.0893,4.1105,1.5,547.0,29.5,0.000114,True
notthefallintact,sub-324,"Inferior Frontal Gyrus, pars triangularis",0.2563,1e-06,0.0001,-2,0.0013,0.0886,2.8771,1.5,547.0,29.5,0.000114,True
notthefallintact,sub-324,"Inferior Frontal Gyrus, pars opercularis",-0.3275,0.0,0.0001,6,-0.0002,0.0778,-4.2051,1.5,547.0,29.5,0.000114,True
notthefallintact,sub-324,Angular Gyrus,-0.4551,0.0,0.0001,6,-0.0005,0.0808,-5.6241,1.5,547.0,29.5,0.000114,True
notthefallintact,sub-324,"Supramarginal Gyrus, anterior division",-0.2146,4.2e-05,0.0003,6,0.0011,0.0813,-2.6518,1.5,547.0,29.5,0.00032,True
notthefallintact,sub-324,"Supramarginal Gyrus, posterior division",-0.3249,0.0,0.0001,6,-0.0004,0.0816,-3.9748,1.5,547.0,29.5,0.000114,True
notthefallintact,sub-324,Frontal Pole,0.6008,0.0,0.0001,6,0.0005,0.0884,6.7897,1.5,547.0,29.5,0.000114,True
notthefallintact,sub-324,"Temporal Fusiform Cortex, anterior division",0.7017,0.0,0.0001,6,-0.0006,0.0764,9.189,1.5,547.0,29.5,0.000114,True
notthefallintact,sub-324,"Temporal Fusiform Cortex, posterior division",0.46,0.0,0.0001,6,-0.0013,0.0935,4.9323,1.5,547.0,29.5,0.000114,True
notthefallintact,sub-324,"Parahippocampal Gyrus, anterior division",0.5395,0.0,0.0001,6,-0.0007,0.0918,5.8822,1.5,547.0,29.5,0.000114,True
notthefallintact,sub-324,"Parahippocampal Gyrus, posterior division",0.3305,0.0,0.0001,-2,0.0017,0.0879,3.7391,1.5,547.0,29.5,0.000114,True
notthefallintact,sub-324,"Cingulate Gyrus, anterior division",0.412,0.0,0.0001,-2,-0.0003,0.0894,4.6107,1.5,547.0,29.5,0.000114,True
notthefallintact,sub-324,"Cingulate Gyrus, posterior division",-0.1047,0.047674,0.174783,6,-0.0019,0.0823,-1.2484,1.5,547.0,29.5,0.174783,False
notthefallintact,sub-325,"Superior Temporal Gyrus, anterior division",-0.1415,0.00734,0.044496,6,-0.0001,0.0916,-1.543,1.5,547.0,29.5,0.059328,False
notthefallintact,sub-325,"Superior Temporal Gyrus, posterior division",-0.3188,0.0,0.0001,6,0.0003,0.0725,-4.4016,1.5,547.0,29.5,0.000145,True
notthefallintact,sub-325,"Middle Temporal Gyrus, anterior division",-0.346,0.0,0.0001,6,0.0007,0.0756,-4.5863,1.5,547.0,29.5,0.000145,True
notthefallintact,sub-325,"Middle Temporal Gyrus, posterior division",0.1166,0.026507,0.113289,-2,0.001,0.0838,1.3794,1.5,547.0,29.5,0.139433,False
notthefallintact,sub-325,"Inferior Frontal Gyrus, pars triangularis",-0.0564,0.287196,0.729627,6,0.0014,0.0835,-0.6919,1.5,547.0,29.5,0.729627,False
notthefallintact,sub-325,"Inferior Frontal Gyrus, pars opercularis",0.3203,0.0,0.0001,-2,0.0002,0.0684,4.6802,1.5,547.0,29.5,0.000145,True
notthefallintact,sub-325,Angular Gyrus,0.4266,0.0,0.0001,-2,0.0004,0.0652,6.5369,1.5,547.0,29.5,0.000145,True
notthefallintact,sub-325,"Supramarginal Gyrus, anterior division",0.3805,0.0,0.0001,-2,0.0001,0.0647,5.8753,1.5,547.0,29.5,0.000145,True
notthefallintact,sub-325,"Supramarginal Gyrus, posterior division",0.3925,0.0,0.0001,-2,0.0002,0.0654,5.9961,1.5,547.0,29.5,0.000145,True
notthefallintact,sub-325,Frontal Pole,-0.3566,0.0,0.0001,6,-0.001,0.0816,-4.359,1.5,547.0,29.5,0.000145,True
notthefallintact,sub-325,"Temporal Fusiform Cortex, anterior division",-0.0842,0.111553,0.554845,6,-0.0009,0.0959,-0.8689,1.5,547.0,29.5,0.626924,False
notthefallintact,sub-325,"Temporal Fusiform Cortex, posterior division",0.4054,0.0,0.0001,-2,-0.0012,0.0784,5.1847,1.5,547.0,29.5,0.000145,True
notthefallintact,sub-325,"Parahippocampal Gyrus, anterior division",-0.085,0.108493,0.587741,6,-0.0021,0.0976,-0.8494,1.5,547.0,29.5,0.626924,False
notthefallintact,sub-325,"Parahippocampal Gyrus, posterior division",0.2948,0.0,0.0001,-2,0.0018,0.0813,3.6015,1.5,547.0,29.5,0.000145,True
notthefallintact,sub-325,"Cingulate Gyrus, anterior division",0.3009,0.0,0.0001,-2,0.0006,0.0822,3.6522,1.5,547.0,29.5,0.000145,True
notthefallintact,sub-325,"Cingulate Gyrus, posterior division",0.386,0.0,0.0001,-2,-0.0015,0.0703,5.5098,1.5,547.0,29.5,0.000145,True
notthefallintact,sub-326,"Superior Temporal Gyrus, anterior division",0.4361,0.0,0.0001,-2,0.0013,0.0683,6.3675,1.5,547.0,29.5,0.000114,True
notthefallintact,sub-326,"Superior Temporal Gyrus, posterior division",0.307,0.0,0.0001,3,-0.0003,0.0847,3.6297,1.5,547.0,29.5,0.000114,True
notthefallintact,sub-326,"Middle Temporal Gyrus, anterior division",0.3961,0.0,0.0001,-2,-0.0003,0.0711,5.5769,1.5,547.0,29.5,0.000114,True
notthefallintact,sub-326,"Middle Temporal Gyrus, posterior division",0.4636,0.0,0.0001,-2,-0.0002,0.0629,7.3684,1.5,547.0,29.5,0.000114,True
notthefallintact,sub-326,"Inferior Frontal Gyrus, pars triangularis",0.386,0.0,0.0001,-2,0.0021,0.0753,5.1004,1.5,547.0,29.5,0.000114,True
notthefallintact,sub-326,"Inferior Frontal Gyrus, pars opercularis",0.4435,0.0,0.0001,-2,0.0002,0.074,5.9866,1.5,547.0,29.5,0.000114,True
notthefallintact,sub-326,Angular Gyrus,0.4873,0.0,0.0001,-2,0.0003,0.0618,7.8756,1.5,547.0,29.5,0.000114,True
notthefallintact,sub-326,"Supramarginal Gyrus, anterior division",0.4674,0.0,0.0001,-2,0.0,0.0628,7.442,1.5,547.0,29.5,0.000114,True
notthefallintact,sub-326,"Supramarginal Gyrus, posterior division",0.5103,0.0,0.0001,-2,0.0001,0.0637,8.0123,1.5,547.0,29.5,0.000114,True
notthefallintact,sub-326,Frontal Pole,0.3779,0.0,0.0001,-2,0.0002,0.0713,5.2953,1.5,547.0,29.5,0.000114,True
notthefallintact,sub-326,"Temporal Fusiform Cortex, anterior division",0.1717,0.001037,0.007699,-2,-0.0001,0.0901,1.906,1.5,547.0,29.5,0.008212,True
notthefallintact,sub-326,"Temporal Fusiform Cortex, posterior division",0.3778,0.0,0.0001,-2,-0.0006,0.0681,5.5532,1.5,547.0,29.5,0.000114,True
notthefallintact,sub-326,"Parahippocampal Gyrus, anterior division",0.1346,0.010783,0.071093,6,0.0001,0.0927,1.4507,1.5,547.0,29.5,0.071093,False
notthefallintact,sub-326,"Parahippocampal Gyrus, posterior division",0.3608,0.0,0.0001,-2,0.0012,0.0673,5.3468,1.5,547.0,29.5,0.000114,True
notthefallintact,sub-326,"Cingulate Gyrus, anterior division",0.3899,0.0,0.0001,-2,-0.0002,0.0646,6.04,1.5,547.0,29.5,0.000114,True
notthefallintact,sub-326,"Cingulate Gyrus, posterior division",0.3871,0.0,0.0001,-2,-0.0017,0.0631,6.1626,1.5,547.0,29.5,0.000114,True
