story,subject,roi,r,p,lag,mean_r_shuffled,std_r_shuffled,z_score,TR,duration,onset
lucy,sub-026,"Superior Temporal Gyrus, anterior division",0.1695,0.0013,6,0.0024,0.0863,1.9353,1.5,542.0,3.0
lucy,sub-026,"Superior Temporal Gyrus, posterior division",0.1531,0.0035,0,0.0022,0.0893,1.6904,1.5,542.0,3.0
lucy,sub-026,"Middle Temporal Gyrus, anterior division",0.2409,0.0,0,-0.0056,0.0864,2.8534,1.5,542.0,3.0
lucy,sub-026,"Middle Temporal Gyrus, posterior division",0.2412,0.0,0,0.0004,0.0821,2.9347,1.5,542.0,3.0
lucy,sub-026,"Inferior Frontal Gyrus, pars triangularis",0.0673,0.2056,6,0.005,0.0876,0.7119,1.5,542.0,3.0
lucy,sub-026,"Inferior Frontal Gyrus, pars opercularis",-0.0505,0.3388,0,-0.0002,0.0876,-0.5735,1.5,542.0,3.0
lucy,sub-026,Angular Gyrus,0.2432,0.0,6,0.0022,0.0894,2.6968,1.5,542.0,3.0
lucy,sub-026,"Supramarginal Gyrus, anterior division",0.075,0.1585,6,0.001,0.0853,0.8679,1.5,542.0,3.0
lucy,sub-026,"Supramarginal Gyrus, posterior division",0.0914,0.0853,6,0.0008,0.089,1.018,1.5,542.0,3.0
lucy,sub-026,Frontal Pole,0.2292,0.0,3,-0.0005,0.0804,2.8551,1.5,542.0,3.0
lucy,sub-026,"Temporal Fusiform Cortex, anterior division",0.2741,0.0,0,0.0036,0.0763,3.5433,1.5,542.0,3.0
lucy,sub-026,"Temporal Fusiform Cortex, posterior division",0.267,0.0,0,-0.0003,0.0791,3.377,1.5,542.0,3.0
lucy,sub-026,"Parahippocampal Gyrus, anterior division",0.2929,0.0,2,-0.0001,0.0791,3.703,1.5,542.0,3.0
lucy,sub-026,"Parahippocampal Gyrus, posterior division",0.2142,0.0,6,-0.0002,0.0806,2.6584,1.5,542.0,3.0
lucy,sub-026,"Cingulate Gyrus, anterior division",0.1743,0.001,6,0.0016,0.0802,2.1524,1.5,542.0,3.0
lucy,sub-026,"Cingulate Gyrus, posterior division",0.1674,0.0015,6,-0.0014,0.0817,2.067,1.5,542.0,3.0
lucy,sub-041,"Superior Temporal Gyrus, anterior division",0.1782,0.0007,0,-0.0003,0.0845,2.1112,1.5,542.0,3.0
lucy,sub-041,"Superior Temporal Gyrus, posterior division",-0.4532,0.0,6,-0.0041,0.0807,-5.568,1.5,542.0,3.0
lucy,sub-041,"Middle Temporal Gyrus, anterior division",0.1765,0.0008,0,-0.0027,0.0684,2.6195,1.5,542.0,3.0
lucy,sub-041,"Middle Temporal Gyrus, posterior division",0.3593,0.0,0,-0.0006,0.0692,5.2023,1.5,542.0,3.0
lucy,sub-041,"Inferior Frontal Gyrus, pars triangularis",-0.0591,0.2665,6,-0.0033,0.0867,-0.644,1.5,542.0,3.0
lucy,sub-041,"Inferior Frontal Gyrus, pars opercularis",0.4505,0.0,6,0.0016,0.079,5.6824,1.5,542.0,3.0
lucy,sub-041,Angular Gyrus,0.4217,0.0,6,-0.0022,0.0828,5.1169,1.5,542.0,3.0
lucy,sub-041,"Supramarginal Gyrus, anterior division",0.1272,0.0165,6,0.0069,0.0786,1.5319,1.5,542.0,3.0
lucy,sub-041,"Supramarginal Gyrus, posterior division",0.1303,0.014,6,-0.0026,0.0781,1.7016,1.5,542.0,3.0
lucy,sub-041,Frontal Pole,0.23,0.0,0,0.0005,0.0926,2.4787,1.5,542.0,3.0
lucy,sub-041,"Temporal Fusiform Cortex, anterior division",0.1945,0.0002,0,0.004,0.0832,2.2885,1.5,542.0,3.0
lucy,sub-041,"Temporal Fusiform Cortex, posterior division",0.3404,0.0,0,-0.0012,0.0811,4.2117,1.5,542.0,3.0
lucy,sub-041,"Parahippocampal Gyrus, anterior division",0.4102,0.0,6,0.0007,0.0914,4.4828,1.5,542.0,3.0
lucy,sub-041,"Parahippocampal Gyrus, posterior division",0.4241,0.0,0,0.0,0.0808,5.2498,1.5,542.0,3.0
lucy,sub-041,"Cingulate Gyrus, anterior division",0.4227,0.0,0,0.0016,0.0813,5.1815,1.5,542.0,3.0
lucy,sub-041,"Cingulate Gyrus, posterior division",0.5112,0.0,6,0.0033,0.0824,6.1635,1.5,542.0,3.0
lucy,sub-052,"Superior Temporal Gyrus, anterior division",0.4368,0.0,2,0.0003,0.0718,6.0767,1.5,542.0,3.0
lucy,sub-052,"Superior Temporal Gyrus, posterior division",-0.1269,0.0168,6,-0.0063,0.0748,-1.6106,1.5,542.0,3.0
lucy,sub-052,"Middle Temporal Gyrus, anterior division",0.1552,0.0031,0,-0.0012,0.0728,2.1492,1.5,542.0,3.0
lucy,sub-052,"Middle Temporal Gyrus, posterior division",0.4797,0.0,6,-0.001,0.069,6.97,1.5,542.0,3.0
lucy,sub-052,"Inferior Frontal Gyrus, pars triangularis",0.589,0.0,6,0.0018,0.0727,8.0784,1.5,542.0,3.0
lucy,sub-052,"Inferior Frontal Gyrus, pars opercularis",0.5577,0.0,6,-0.0015,0.0779,7.1818,1.5,542.0,3.0
lucy,sub-052,Angular Gyrus,0.561,0.0,6,0.0007,0.0695,8.0637,1.5,542.0,3.0
lucy,sub-052,"Supramarginal Gyrus, anterior division",0.5637,0.0,6,-0.0024,0.0681,8.3125,1.5,542.0,3.0
lucy,sub-052,"Supramarginal Gyrus, posterior division",0.5555,0.0,6,0.0015,0.0708,7.8195,1.5,542.0,3.0
lucy,sub-052,Frontal Pole,0.3913,0.0,0,0.0018,0.0756,5.1505,1.5,542.0,3.0
lucy,sub-052,"Temporal Fusiform Cortex, anterior division",0.2304,0.0,0,0.0006,0.0747,3.0782,1.5,542.0,3.0
lucy,sub-052,"Temporal Fusiform Cortex, posterior division",0.3421,0.0,0,-0.0027,0.0756,4.5627,1.5,542.0,3.0
lucy,sub-052,"Parahippocampal Gyrus, anterior division",0.4331,0.0,4,0.001,0.0766,5.6378,1.5,542.0,3.0
lucy,sub-052,"Parahippocampal Gyrus, posterior division",0.3455,0.0,0,-0.0007,0.0758,4.5688,1.5,542.0,3.0
lucy,sub-052,"Cingulate Gyrus, anterior division",0.4548,0.0,4,0.0015,0.0741,6.1201,1.5,542.0,3.0
lucy,sub-052,"Cingulate Gyrus, posterior division",0.503,0.0,6,0.0017,0.0728,6.8861,1.5,542.0,3.0
lucy,sub-053,"Superior Temporal Gyrus, anterior division",0.4303,0.0,6,0.0004,0.0693,6.1996,1.5,542.0,3.0
lucy,sub-053,"Superior Temporal Gyrus, posterior division",0.3377,0.0,6,0.0021,0.0683,4.9109,1.5,542.0,3.0
lucy,sub-053,"Middle Temporal Gyrus, anterior division",0.4698,0.0,6,-0.003,0.0654,7.2261,1.5,542.0,3.0
lucy,sub-053,"Middle Temporal Gyrus, posterior division",0.5401,0.0,6,-0.0025,0.0663,8.1859,1.5,542.0,3.0
lucy,sub-053,"Inferior Frontal Gyrus, pars triangularis",0.2722,0.0,6,-0.0006,0.0906,3.0121,1.5,542.0,3.0
lucy,sub-053,"Inferior Frontal Gyrus, pars opercularis",0.2489,0.0,0,-0.0029,0.0823,3.0603,1.5,542.0,3.0
lucy,sub-053,Angular Gyrus,0.1179,0.0251,0,-0.0011,0.07,1.7014,1.5,542.0,3.0
lucy,sub-053,"Supramarginal Gyrus, anterior division",0.2926,0.0,0,-0.0017,0.0734,4.0097,1.5,542.0,3.0
lucy,sub-053,"Supramarginal Gyrus, posterior division",0.2552,0.0,0,0.0021,0.0734,3.448,1.5,542.0,3.0
lucy,sub-053,Frontal Pole,0.3713,0.0,6,0.0022,0.0754,4.8976,1.5,542.0,3.0
lucy,sub-053,"Temporal Fusiform Cortex, anterior division",0.4683,0.0,6,-0.0021,0.08,5.877,1.5,542.0,3.0
lucy,sub-053,"Temporal Fusiform Cortex, posterior division",0.2915,0.0,6,-0.0019,0.0787,3.7275,1.5,542.0,3.0
lucy,sub-053,"Parahippocampal Gyrus, anterior division",0.4687,0.0,6,0.0039,0.0798,5.8253,1.5,542.0,3.0
lucy,sub-053,"Parahippocampal Gyrus, posterior division",0.4524,0.0,6,-0.0008,0.0711,6.3784,1.5,542.0,3.0
lucy,sub-053,"Cingulate Gyrus, anterior division",0.4244,0.0,6,0.001,0.0781,5.4228,1.5,542.0,3.0
lucy,sub-053,"Cingulate Gyrus, posterior division",0.2761,0.0,0,0.0027,0.0756,3.6174,1.5,542.0,3.0
lucy,sub-055,"Superior Temporal Gyrus, anterior division",0.3424,0.0,0,0.0023,0.0808,4.2064,1.5,542.0,3.0
lucy,sub-055,"Superior Temporal Gyrus, posterior division",0.494,0.0,0,0.0023,0.0865,5.6864,1.5,542.0,3.0
lucy,sub-055,"Middle Temporal Gyrus, anterior division",0.3833,0.0,0,-0.0017,0.0877,4.3881,1.5,542.0,3.0
lucy,sub-055,"Middle Temporal Gyrus, posterior division",0.3613,0.0,0,-0.0036,0.0882,4.1377,1.5,542.0,3.0
lucy,sub-055,"Inferior Frontal Gyrus, pars triangularis",0.3264,0.0,5,-0.0002,0.0841,3.8841,1.5,542.0,3.0
lucy,sub-055,"Inferior Frontal Gyrus, pars opercularis",0.3054,0.0,6,0.0019,0.0845,3.5907,1.5,542.0,3.0
lucy,sub-055,Angular Gyrus,0.2699,0.0,6,-0.0002,0.0871,3.1024,1.5,542.0,3.0
lucy,sub-055,"Supramarginal Gyrus, anterior division",0.3837,0.0,2,-0.0011,0.0794,4.8434,1.5,542.0,3.0
lucy,sub-055,"Supramarginal Gyrus, posterior division",0.3026,0.0,6,0.0043,0.083,3.596,1.5,542.0,3.0
lucy,sub-055,Frontal Pole,0.5118,0.0,4,0.0013,0.0865,5.9009,1.5,542.0,3.0
lucy,sub-055,"Temporal Fusiform Cortex, anterior division",0.3975,0.0,0,-0.0001,0.0859,4.6307,1.5,542.0,3.0
lucy,sub-055,"Temporal Fusiform Cortex, posterior division",0.5193,0.0,0,-0.0006,0.0795,6.5414,1.5,542.0,3.0
lucy,sub-055,"Parahippocampal Gyrus, anterior division",0.5343,0.0,6,0.0012,0.0818,6.519,1.5,542.0,3.0
lucy,sub-055,"Parahippocampal Gyrus, posterior division",0.5512,0.0,0,0.0005,0.0758,7.2684,1.5,542.0,3.0
lucy,sub-055,"Cingulate Gyrus, anterior division",0.524,0.0,3,0.0039,0.0828,6.2831,1.5,542.0,3.0
lucy,sub-055,"Cingulate Gyrus, posterior division",0.4201,0.0,0,0.0,0.0799,5.2546,1.5,542.0,3.0
lucy,sub-056,"Superior Temporal Gyrus, anterior division",0.3475,0.0,0,0.0006,0.069,5.0291,1.5,542.0,3.0
lucy,sub-056,"Superior Temporal Gyrus, posterior division",0.3634,0.0,6,-0.0007,0.0869,4.191,1.5,542.0,3.0
lucy,sub-056,"Middle Temporal Gyrus, anterior division",0.4462,0.0,1,-0.0051,0.0775,5.821,1.5,542.0,3.0
lucy,sub-056,"Middle Temporal Gyrus, posterior division",0.3616,0.0,0,-0.0016,0.0631,5.7548,1.5,542.0,3.0
lucy,sub-056,"Inferior Frontal Gyrus, pars triangularis",-0.0425,0.4243,6,0.005,0.0727,-0.6537,1.5,542.0,3.0
lucy,sub-056,"Inferior Frontal Gyrus, pars opercularis",0.1635,0.0018,0,0.0005,0.0694,2.3475,1.5,542.0,3.0
lucy,sub-056,Angular Gyrus,0.4733,0.0,0,-0.001,0.0621,7.6319,1.5,542.0,3.0
lucy,sub-056,"Supramarginal Gyrus, anterior division",0.3196,0.0,0,-0.0015,0.062,5.1783,1.5,542.0,3.0
lucy,sub-056,"Supramarginal Gyrus, posterior division",0.3475,0.0,0,0.0021,0.0636,5.4308,1.5,542.0,3.0
lucy,sub-056,Frontal Pole,0.491,0.0,6,-0.0003,0.0748,6.5678,1.5,542.0,3.0
lucy,sub-056,"Temporal Fusiform Cortex, anterior division",0.5395,0.0,6,0.0043,0.0781,6.8525,1.5,542.0,3.0
lucy,sub-056,"Temporal Fusiform Cortex, posterior division",0.4431,0.0,6,-0.0025,0.0723,6.1674,1.5,542.0,3.0
lucy,sub-056,"Parahippocampal Gyrus, anterior division",0.4371,0.0,6,0.0031,0.0712,6.0938,1.5,542.0,3.0
lucy,sub-056,"Parahippocampal Gyrus, posterior division",0.3991,0.0,0,-0.001,0.0638,6.2688,1.5,542.0,3.0
lucy,sub-056,"Cingulate Gyrus, anterior division",0.3254,0.0,0,0.0005,0.0672,4.8343,1.5,542.0,3.0
lucy,sub-056,"Cingulate Gyrus, posterior division",0.3251,0.0,0,0.0015,0.0666,4.8601,1.5,542.0,3.0
lucy,sub-058,"Superior Temporal Gyrus, anterior division",0.3571,0.0,6,-0.004,0.0825,4.3792,1.5,542.0,3.0
lucy,sub-058,"Superior Temporal Gyrus, posterior division",-0.1009,0.0554,0,-0.0036,0.088,-1.1063,1.5,542.0,3.0
lucy,sub-058,"Middle Temporal Gyrus, anterior division",0.1211,0.0213,0,-0.002,0.0833,1.4782,1.5,542.0,3.0
lucy,sub-058,"Middle Temporal Gyrus, posterior division",0.4434,0.0,5,-0.0012,0.0682,6.523,1.5,542.0,3.0
lucy,sub-058,"Inferior Frontal Gyrus, pars triangularis",0.4858,0.0,6,0.0029,0.0713,6.776,1.5,542.0,3.0
lucy,sub-058,"Inferior Frontal Gyrus, pars opercularis",0.4256,0.0,6,0.0003,0.0715,5.9466,1.5,542.0,3.0
lucy,sub-058,Angular Gyrus,0.4374,0.0,5,-0.0018,0.0653,6.7213,1.5,542.0,3.0
lucy,sub-058,"Supramarginal Gyrus, anterior division",0.421,0.0,6,-0.004,0.0676,6.2883,1.5,542.0,3.0
lucy,sub-058,"Supramarginal Gyrus, posterior division",0.4476,0.0,5,0.002,0.0674,6.6102,1.5,542.0,3.0
lucy,sub-058,Frontal Pole,0.4698,0.0,6,0.0,0.0787,5.9725,1.5,542.0,3.0
lucy,sub-058,"Temporal Fusiform Cortex, anterior division",0.0264,0.6166,0,0.0013,0.0874,0.2872,1.5,542.0,3.0
lucy,sub-058,"Temporal Fusiform Cortex, posterior division",0.5124,0.0,6,-0.0001,0.0707,7.2508,1.5,542.0,3.0
lucy,sub-058,"Parahippocampal Gyrus, anterior division",0.5403,0.0,6,0.0033,0.0734,7.3148,1.5,542.0,3.0
lucy,sub-058,"Parahippocampal Gyrus, posterior division",0.4211,0.0,4,-0.0022,0.0695,6.0858,1.5,542.0,3.0
lucy,sub-058,"Cingulate Gyrus, anterior division",0.3933,0.0,6,0.0031,0.0738,5.2864,1.5,542.0,3.0
lucy,sub-058,"Cingulate Gyrus, posterior division",0.3886,0.0,3,0.0013,0.0697,5.5573,1.5,542.0,3.0
lucy,sub-059,"Superior Temporal Gyrus, anterior division",0.0545,0.3057,6,-0.0026,0.08,0.7133,1.5,542.0,3.0
lucy,sub-059,"Superior Temporal Gyrus, posterior division",0.1206,0.0231,6,0.0004,0.0724,1.6585,1.5,542.0,3.0
lucy,sub-059,"Middle Temporal Gyrus, anterior division",0.1556,0.0033,6,-0.0049,0.0711,2.2567,1.5,542.0,3.0
lucy,sub-059,"Middle Temporal Gyrus, posterior division",0.2693,0.0,6,0.0016,0.0734,3.6484,1.5,542.0,3.0
lucy,sub-059,"Inferior Frontal Gyrus, pars triangularis",-0.0901,0.0873,0,0.006,0.0768,-1.2528,1.5,542.0,3.0
lucy,sub-059,"Inferior Frontal Gyrus, pars opercularis",-0.1215,0.0209,0,-0.0011,0.08,-1.5052,1.5,542.0,3.0
lucy,sub-059,Angular Gyrus,0.064,0.2294,6,-0.0068,0.0805,0.8781,1.5,542.0,3.0
lucy,sub-059,"Supramarginal Gyrus, anterior division",0.0152,0.7754,6,0.0,0.0809,0.1871,1.5,542.0,3.0
lucy,sub-059,"Supramarginal Gyrus, posterior division",0.0674,0.2049,6,-0.0017,0.082,0.8429,1.5,542.0,3.0
lucy,sub-059,Frontal Pole,0.0806,0.1297,6,-0.0059,0.0769,1.1248,1.5,542.0,3.0
lucy,sub-059,"Temporal Fusiform Cortex, anterior division",0.0931,0.08,6,0.001,0.0714,1.2898,1.5,542.0,3.0
lucy,sub-059,"Temporal Fusiform Cortex, posterior division",0.1449,0.0062,6,0.0007,0.0761,1.8947,1.5,542.0,3.0
lucy,sub-059,"Parahippocampal Gyrus, anterior division",0.0716,0.1782,6,-0.0012,0.0768,0.9479,1.5,542.0,3.0
lucy,sub-059,"Parahippocampal Gyrus, posterior division",0.1387,0.0083,0,-0.0011,0.0774,1.8062,1.5,542.0,3.0
lucy,sub-059,"Cingulate Gyrus, anterior division",0.0294,0.5809,6,0.0026,0.0773,0.3469,1.5,542.0,3.0
lucy,sub-059,"Cingulate Gyrus, posterior division",0.0155,0.7691,0,-0.0033,0.0781,0.2402,1.5,542.0,3.0
lucy,sub-060,"Superior Temporal Gyrus, anterior division",0.6139,0.0,6,-0.0002,0.0651,9.4355,1.5,542.0,3.0
lucy,sub-060,"Superior Temporal Gyrus, posterior division",0.5541,0.0,5,0.0009,0.0616,8.9846,1.5,542.0,3.0
lucy,sub-060,"Middle Temporal Gyrus, anterior division",0.6165,0.0,5,-0.0027,0.0609,10.1617,1.5,542.0,3.0
lucy,sub-060,"Middle Temporal Gyrus, posterior division",0.6028,0.0,6,-0.0011,0.0632,9.5597,1.5,542.0,3.0
lucy,sub-060,"Inferior Frontal Gyrus, pars triangularis",0.3688,0.0,6,0.0062,0.0831,4.3623,1.5,542.0,3.0
lucy,sub-060,"Inferior Frontal Gyrus, pars opercularis",-0.6043,0.0,6,0.0002,0.0635,-9.5177,1.5,542.0,3.0
lucy,sub-060,Angular Gyrus,-0.6302,0.0,0,0.0013,0.0635,-9.9475,1.5,542.0,3.0
lucy,sub-060,"Supramarginal Gyrus, anterior division",-0.5171,0.0,0,0.0015,0.0689,-7.5274,1.5,542.0,3.0
lucy,sub-060,"Supramarginal Gyrus, posterior division",-0.5623,0.0,0,-0.0017,0.0682,-8.2234,1.5,542.0,3.0
lucy,sub-060,Frontal Pole,0.5926,0.0,6,0.0019,0.063,9.3809,1.5,542.0,3.0
lucy,sub-060,"Temporal Fusiform Cortex, anterior division",0.6695,0.0,6,0.0034,0.0658,10.13,1.5,542.0,3.0
lucy,sub-060,"Temporal Fusiform Cortex, posterior division",0.5406,0.0,6,-0.0003,0.0685,7.8958,1.5,542.0,3.0
lucy,sub-060,"Parahippocampal Gyrus, anterior division",0.5833,0.0,6,0.0035,0.0687,8.4401,1.5,542.0,3.0
lucy,sub-060,"Parahippocampal Gyrus, posterior division",0.5402,0.0,6,-0.0012,0.0679,7.9674,1.5,542.0,3.0
lucy,sub-060,"Cingulate Gyrus, anterior division",0.3131,0.0,6,0.0031,0.0819,3.7853,1.5,542.0,3.0
lucy,sub-060,"Cingulate Gyrus, posterior division",-0.4953,0.0,0,-0.0004,0.0731,-6.7729,1.5,542.0,3.0
lucy,sub-061,"Superior Temporal Gyrus, anterior division",-0.4241,0.0,0,-0.0018,0.0647,-6.5262,1.5,542.0,3.0
lucy,sub-061,"Superior Temporal Gyrus, posterior division",-0.3747,0.0,0,0.0002,0.0686,-5.4658,1.5,542.0,3.0
lucy,sub-061,"Middle Temporal Gyrus, anterior division",-0.3885,0.0,0,0.0036,0.0664,-5.9105,1.5,542.0,3.0
lucy,sub-061,"Middle Temporal Gyrus, posterior division",-0.3961,0.0,0,0.0007,0.0664,-5.9799,1.5,542.0,3.0
lucy,sub-061,"Inferior Frontal Gyrus, pars triangularis",-0.4225,0.0,0,-0.0038,0.0668,-6.2728,1.5,542.0,3.0
lucy,sub-061,"Inferior Frontal Gyrus, pars opercularis",-0.4222,0.0,0,-0.0006,0.0631,-6.6819,1.5,542.0,3.0
lucy,sub-061,Angular Gyrus,-0.3964,0.0,0,0.0009,0.0687,-5.7873,1.5,542.0,3.0
lucy,sub-061,"Supramarginal Gyrus, anterior division",-0.4193,0.0,0,0.0016,0.0626,-6.7224,1.5,542.0,3.0
lucy,sub-061,"Supramarginal Gyrus, posterior division",-0.4186,0.0,0,-0.0008,0.0666,-6.272,1.5,542.0,3.0
lucy,sub-061,Frontal Pole,-0.4121,0.0,0,-0.0039,0.064,-6.3743,1.5,542.0,3.0
lucy,sub-061,"Temporal Fusiform Cortex, anterior division",0.4359,0.0,6,0.0007,0.0775,5.6182,1.5,542.0,3.0
lucy,sub-061,"Temporal Fusiform Cortex, posterior division",-0.1676,0.0014,0,0.0005,0.0757,-2.2202,1.5,542.0,3.0
lucy,sub-061,"Parahippocampal Gyrus, anterior division",0.4385,0.0,6,0.004,0.0768,5.6589,1.5,542.0,3.0
lucy,sub-061,"Parahippocampal Gyrus, posterior division",-0.2885,0.0,0,-0.0002,0.0711,-4.0526,1.5,542.0,3.0
lucy,sub-061,"Cingulate Gyrus, anterior division",-0.3807,0.0,0,-0.0013,0.0693,-5.4763,1.5,542.0,3.0
lucy,sub-061,"Cingulate Gyrus, posterior division",-0.3911,0.0,0,-0.001,0.0675,-5.7774,1.5,542.0,3.0
merlin,sub-075,"Superior Temporal Gyrus, anterior division",-0.6021,0.0,1,0.0001,0.0599,-10.0489,1.5,886.0,33.5
merlin,sub-075,"Superior Temporal Gyrus, posterior division",-0.654,0.0,1,-0.0008,0.0589,-11.0952,1.5,886.0,33.5
merlin,sub-075,"Middle Temporal Gyrus, anterior division",-0.6264,0.0,0,-0.0012,0.0591,-10.5796,1.5,886.0,33.5
merlin,sub-075,"Middle Temporal Gyrus, posterior division",-0.27,0.0,6,-0.0004,0.0636,-4.242,1.5,886.0,33.5
merlin,sub-075,"Inferior Frontal Gyrus, pars triangularis",0.022,0.5953,6,0.0001,0.068,0.3232,1.5,886.0,33.5
merlin,sub-075,"Inferior Frontal Gyrus, pars opercularis",0.1315,0.0014,6,-0.0,0.0644,2.0416,1.5,886.0,33.5
merlin,sub-075,Angular Gyrus,0.3851,0.0,0,-0.0021,0.0612,6.3251,1.5,886.0,33.5
merlin,sub-075,"Supramarginal Gyrus, anterior division",0.0568,0.168,0,0.0014,0.063,0.8799,1.5,886.0,33.5
merlin,sub-075,"Supramarginal Gyrus, posterior division",0.2364,0.0,0,-0.0034,0.0634,3.7856,1.5,886.0,33.5
merlin,sub-075,Frontal Pole,-0.5776,0.0,0,-0.0004,0.0626,-9.2205,1.5,886.0,33.5
merlin,sub-075,"Temporal Fusiform Cortex, anterior division",0.2298,0.0,0,0.0017,0.0627,3.6381,1.5,886.0,33.5
merlin,sub-075,"Temporal Fusiform Cortex, posterior division",-0.0594,0.152,6,0.0036,0.0672,-0.9355,1.5,886.0,33.5
merlin,sub-075,"Parahippocampal Gyrus, anterior division",0.1215,0.0033,6,0.0033,0.0652,1.8144,1.5,886.0,33.5
merlin,sub-075,"Parahippocampal Gyrus, posterior division",-0.2845,0.0,2,-0.0013,0.0635,-4.4573,1.5,886.0,33.5
merlin,sub-075,"Cingulate Gyrus, anterior division",0.0373,0.3679,6,0.0005,0.0663,0.5558,1.5,886.0,33.5
merlin,sub-075,"Cingulate Gyrus, posterior division",0.2241,0.0,0,-0.0046,0.0638,3.587,1.5,886.0,33.5
merlin,sub-146,"Superior Temporal Gyrus, anterior division",0.0993,0.0164,6,0.0005,0.0684,1.4445,1.5,886.0,33.5
merlin,sub-146,"Superior Temporal Gyrus, posterior division",0.2907,0.0,0,-0.0001,0.0492,5.9126,1.5,886.0,33.5
merlin,sub-146,"Middle Temporal Gyrus, anterior division",0.3292,0.0,0,-0.0011,0.0504,6.5496,1.5,886.0,33.5
merlin,sub-146,"Middle Temporal Gyrus, posterior division",0.3341,0.0,6,-0.0013,0.0625,5.369,1.5,886.0,33.5
merlin,sub-146,"Inferior Frontal Gyrus, pars triangularis",0.2393,0.0,5,-0.0036,0.0646,3.7576,1.5,886.0,33.5
merlin,sub-146,"Inferior Frontal Gyrus, pars opercularis",-0.2591,0.0,0,0.0008,0.0547,-4.7466,1.5,886.0,33.5
merlin,sub-146,Angular Gyrus,-0.2961,0.0,0,0.0028,0.0486,-6.1465,1.5,886.0,33.5
merlin,sub-146,"Supramarginal Gyrus, anterior division",-0.3016,0.0,0,-0.0001,0.0531,-5.6815,1.5,886.0,33.5
merlin,sub-146,"Supramarginal Gyrus, posterior division",-0.293,0.0,0,0.0009,0.0499,-5.8914,1.5,886.0,33.5
merlin,sub-146,Frontal Pole,0.2352,0.0,6,0.0038,0.0689,3.3569,1.5,886.0,33.5
merlin,sub-146,"Temporal Fusiform Cortex, anterior division",0.3111,0.0,0,0.0029,0.0482,6.3919,1.5,886.0,33.5
merlin,sub-146,"Temporal Fusiform Cortex, posterior division",0.3059,0.0,6,0.001,0.059,5.1645,1.5,886.0,33.5
merlin,sub-146,"Parahippocampal Gyrus, anterior division",0.1967,0.0,6,0.0008,0.0667,2.9363,1.5,886.0,33.5
merlin,sub-146,"Parahippocampal Gyrus, posterior division",0.2003,0.0,6,0.0004,0.0654,3.0578,1.5,886.0,33.5
merlin,sub-146,"Cingulate Gyrus, anterior division",0.2505,0.0,6,0.002,0.0612,4.063,1.5,886.0,33.5
merlin,sub-146,"Cingulate Gyrus, posterior division",-0.151,0.0002,0,-0.001,0.0611,-2.4573,1.5,886.0,33.5
merlin,sub-147,"Superior Temporal Gyrus, anterior division",-0.1415,0.0006,6,0.0012,0.0635,-2.2467,1.5,886.0,33.5
merlin,sub-147,"Superior Temporal Gyrus, posterior division",0.0855,0.0388,6,0.0,0.0589,1.4526,1.5,886.0,33.5
merlin,sub-147,"Middle Temporal Gyrus, anterior division",-0.089,0.0307,0,0.0009,0.0662,-1.358,1.5,886.0,33.5
merlin,sub-147,"Middle Temporal Gyrus, posterior division",-0.1726,0.0,6,-0.0023,0.0574,-2.9643,1.5,886.0,33.5
merlin,sub-147,"Inferior Frontal Gyrus, pars triangularis",-0.1946,0.0,6,-0.0025,0.0585,-3.2853,1.5,886.0,33.5
merlin,sub-147,"Inferior Frontal Gyrus, pars opercularis",-0.1439,0.0005,6,0.0009,0.0515,-2.8109,1.5,886.0,33.5
merlin,sub-147,Angular Gyrus,-0.0395,0.3404,6,-0.0002,0.0522,-0.7538,1.5,886.0,33.5
merlin,sub-147,"Supramarginal Gyrus, anterior division",-0.0195,0.6387,6,0.0017,0.06,-0.3528,1.5,886.0,33.5
merlin,sub-147,"Supramarginal Gyrus, posterior division",0.036,0.383,0,-0.0026,0.056,0.6886,1.5,886.0,33.5
merlin,sub-147,Frontal Pole,-0.107,0.0097,6,0.0008,0.067,-1.6088,1.5,886.0,33.5
merlin,sub-147,"Temporal Fusiform Cortex, anterior division",-0.3823,0.0,0,-0.0017,0.0632,-6.0238,1.5,886.0,33.5
merlin,sub-147,"Temporal Fusiform Cortex, posterior division",-0.2692,0.0,6,0.0011,0.0636,-4.2528,1.5,886.0,33.5
merlin,sub-147,"Parahippocampal Gyrus, anterior division",-0.3371,0.0,6,-0.002,0.0621,-5.3931,1.5,886.0,33.5
merlin,sub-147,"Parahippocampal Gyrus, posterior division",-0.0882,0.0331,6,-0.0017,0.0631,-1.3704,1.5,886.0,33.5
merlin,sub-147,"Cingulate Gyrus, anterior division",-0.1917,0.0,6,0.0006,0.0712,-2.7002,1.5,886.0,33.5
merlin,sub-147,"Cingulate Gyrus, posterior division",-0.1553,0.0002,6,-0.0027,0.0616,-2.4758,1.5,886.0,33.5
merlin,sub-148,"Superior Temporal Gyrus, anterior division",-0.0177,0.67,6,0.0044,0.0652,-0.3378,1.5,886.0,33.5
merlin,sub-148,"Superior Temporal Gyrus, posterior division",0.0367,0.3739,0,0.0004,0.067,0.5411,1.5,886.0,33.5
merlin,sub-148,"Middle Temporal Gyrus, anterior division",0.0165,0.6899,0,-0.0008,0.0665,0.2598,1.5,886.0,33.5
merlin,sub-148,"Middle Temporal Gyrus, posterior division",-0.1546,0.0002,6,-0.002,0.0675,-2.2602,1.5,886.0,33.5
merlin,sub-148,"Inferior Frontal Gyrus, pars triangularis",-0.2228,0.0,6,-0.0024,0.0636,-3.4677,1.5,886.0,33.5
merlin,sub-148,"Inferior Frontal Gyrus, pars opercularis",-0.1896,0.0,6,-0.0,0.0605,-3.1333,1.5,886.0,33.5
merlin,sub-148,Angular Gyrus,-0.1126,0.0065,6,-0.0001,0.0597,-1.8851,1.5,886.0,33.5
merlin,sub-148,"Supramarginal Gyrus, anterior division",-0.118,0.0043,6,0.0024,0.0613,-1.9651,1.5,886.0,33.5
merlin,sub-148,"Supramarginal Gyrus, posterior division",-0.1902,0.0,6,-0.0011,0.0609,-3.1061,1.5,886.0,33.5
merlin,sub-148,Frontal Pole,-0.0555,0.1807,6,-0.0023,0.0648,-0.82,1.5,886.0,33.5
merlin,sub-148,"Temporal Fusiform Cortex, anterior division",0.2198,0.0,6,-0.0038,0.0662,3.3783,1.5,886.0,33.5
merlin,sub-148,"Temporal Fusiform Cortex, posterior division",0.0565,0.1715,3,-0.0011,0.0675,0.8539,1.5,886.0,33.5
merlin,sub-148,"Parahippocampal Gyrus, anterior division",0.0558,0.1781,6,0.0014,0.0672,0.8097,1.5,886.0,33.5
merlin,sub-148,"Parahippocampal Gyrus, posterior division",0.0955,0.0204,0,-0.0024,0.0656,1.4916,1.5,886.0,33.5
merlin,sub-148,"Cingulate Gyrus, anterior division",0.0324,0.4322,0,0.0015,0.0651,0.4744,1.5,886.0,33.5
merlin,sub-148,"Cingulate Gyrus, posterior division",0.027,0.5121,0,-0.0023,0.0625,0.4695,1.5,886.0,33.5
merlin,sub-149,"Superior Temporal Gyrus, anterior division",-0.3799,0.0,6,0.0005,0.0595,-6.3963,1.5,886.0,33.5
merlin,sub-149,"Superior Temporal Gyrus, posterior division",0.0324,0.4317,0,-0.0008,0.0634,0.525,1.5,886.0,33.5
merlin,sub-149,"Middle Temporal Gyrus, anterior division",-0.0455,0.2722,6,-0.0033,0.0643,-0.6566,1.5,886.0,33.5
merlin,sub-149,"Middle Temporal Gyrus, posterior division",-0.1339,0.0011,0,0.0014,0.0579,-2.3362,1.5,886.0,33.5
merlin,sub-149,"Inferior Frontal Gyrus, pars triangularis",-0.5792,0.0,6,-0.0009,0.0554,-10.4481,1.5,886.0,33.5
merlin,sub-149,"Inferior Frontal Gyrus, pars opercularis",-0.5592,0.0,6,-0.0004,0.0504,-11.0922,1.5,886.0,33.5
merlin,sub-149,Angular Gyrus,-0.3246,0.0,0,0.0022,0.0506,-6.4628,1.5,886.0,33.5
merlin,sub-149,"Supramarginal Gyrus, anterior division",-0.4207,0.0,6,-0.0017,0.0526,-7.964,1.5,886.0,33.5
merlin,sub-149,"Supramarginal Gyrus, posterior division",-0.3895,0.0,0,0.0021,0.0499,-7.8473,1.5,886.0,33.5
merlin,sub-149,Frontal Pole,-0.049,0.2347,0,0.0015,0.0692,-0.729,1.5,886.0,33.5
merlin,sub-149,"Temporal Fusiform Cortex, anterior division",0.3796,0.0,0,0.0026,0.0583,6.4626,1.5,886.0,33.5
merlin,sub-149,"Temporal Fusiform Cortex, posterior division",0.078,0.0582,0,0.0006,0.0716,1.082,1.5,886.0,33.5
merlin,sub-149,"Parahippocampal Gyrus, anterior division",0.0492,0.2329,0,0.0005,0.0734,0.6632,1.5,886.0,33.5
merlin,sub-149,"Parahippocampal Gyrus, posterior division",-0.034,0.4094,0,0.0019,0.0631,-0.5687,1.5,886.0,33.5
merlin,sub-149,"Cingulate Gyrus, anterior division",-0.0106,0.7973,6,-0.0032,0.0688,-0.1086,1.5,886.0,33.5
merlin,sub-149,"Cingulate Gyrus, posterior division",0.0062,0.8814,0,0.0007,0.0709,0.0769,1.5,886.0,33.5
merlin,sub-150,"Superior Temporal Gyrus, anterior division",-0.3982,0.0,0,0.002,0.0541,-7.3918,1.5,886.0,33.5
merlin,sub-150,"Superior Temporal Gyrus, posterior division",-0.4203,0.0,0,0.0003,0.0503,-8.3579,1.5,886.0,33.5
merlin,sub-150,"Middle Temporal Gyrus, anterior division",-0.3606,0.0,0,0.0012,0.0524,-6.899,1.5,886.0,33.5
merlin,sub-150,"Middle Temporal Gyrus, posterior division",-0.1719,0.0,0,0.0019,0.0614,-2.8308,1.5,886.0,33.5
merlin,sub-150,"Inferior Frontal Gyrus, pars triangularis",-0.2124,0.0,0,-0.0015,0.068,-3.1023,1.5,886.0,33.5
merlin,sub-150,"Inferior Frontal Gyrus, pars opercularis",0.3566,0.0,0,0.0001,0.0526,6.779,1.5,886.0,33.5
merlin,sub-150,Angular Gyrus,0.3673,0.0,0,-0.0031,0.0523,7.0856,1.5,886.0,33.5
merlin,sub-150,"Supramarginal Gyrus, anterior division",0.3419,0.0,0,0.0023,0.0548,6.1935,1.5,886.0,33.5
merlin,sub-150,"Supramarginal Gyrus, posterior division",0.3842,0.0,0,0.001,0.0528,7.2523,1.5,886.0,33.5
merlin,sub-150,Frontal Pole,-0.4129,0.0,0,0.0019,0.0541,-7.6704,1.5,886.0,33.5
merlin,sub-150,"Temporal Fusiform Cortex, anterior division",0.3491,0.0,6,0.0025,0.0546,6.3527,1.5,886.0,33.5
merlin,sub-150,"Temporal Fusiform Cortex, posterior division",0.1188,0.0041,6,0.0029,0.0648,1.7892,1.5,886.0,33.5
merlin,sub-150,"Parahippocampal Gyrus, anterior division",0.3278,0.0,6,0.0026,0.0562,5.788,1.5,886.0,33.5
merlin,sub-150,"Parahippocampal Gyrus, posterior division",-0.2135,0.0,0,-0.0013,0.0641,-3.3088,1.5,886.0,33.5
merlin,sub-150,"Cingulate Gyrus, anterior division",0.0518,0.2086,0,-0.0027,0.0652,0.8359,1.5,886.0,33.5
merlin,sub-150,"Cingulate Gyrus, posterior division",0.345,0.0,0,-0.0006,0.0578,5.9776,1.5,886.0,33.5
merlin,sub-151,"Superior Temporal Gyrus, anterior division",0.0576,0.162,0,-0.0034,0.0541,1.1278,1.5,886.0,33.5
merlin,sub-151,"Superior Temporal Gyrus, posterior division",0.3097,0.0,0,0.0006,0.0446,6.9257,1.5,886.0,33.5
merlin,sub-151,"Middle Temporal Gyrus, anterior division",0.254,0.0,4,0.0002,0.0455,5.5732,1.5,886.0,33.5
merlin,sub-151,"Middle Temporal Gyrus, posterior division",-0.3475,0.0,0,0.0021,0.0485,-7.2142,1.5,886.0,33.5
merlin,sub-151,"Inferior Frontal Gyrus, pars triangularis",0.2049,0.0,6,-0.0007,0.0648,3.1751,1.5,886.0,33.5
merlin,sub-151,"Inferior Frontal Gyrus, pars opercularis",-0.4746,0.0,0,0.001,0.061,-7.7937,1.5,886.0,33.5
merlin,sub-151,Angular Gyrus,-0.6717,0.0,0,0.0023,0.0471,-14.3129,1.5,886.0,33.5
merlin,sub-151,"Supramarginal Gyrus, anterior division",-0.6326,0.0,4,-0.0005,0.0485,-13.044,1.5,886.0,33.5
merlin,sub-151,"Supramarginal Gyrus, posterior division",-0.6727,0.0,1,0.0015,0.0478,-14.1006,1.5,886.0,33.5
merlin,sub-151,Frontal Pole,0.2831,0.0,5,-0.0011,0.0526,5.4046,1.5,886.0,33.5
merlin,sub-151,"Temporal Fusiform Cortex, anterior division",0.5577,0.0,4,0.0049,0.0559,9.883,1.5,886.0,33.5
merlin,sub-151,"Temporal Fusiform Cortex, posterior division",-0.0894,0.03,0,-0.001,0.0526,-1.6796,1.5,886.0,33.5
merlin,sub-151,"Parahippocampal Gyrus, anterior division",0.2737,0.0,6,0.0029,0.0655,4.1349,1.5,886.0,33.5
merlin,sub-151,"Parahippocampal Gyrus, posterior division",-0.3075,0.0,0,0.0005,0.0511,-6.0227,1.5,886.0,33.5
merlin,sub-151,"Cingulate Gyrus, anterior division",-0.1397,0.0007,6,-0.0011,0.0701,-1.9776,1.5,886.0,33.5
merlin,sub-151,"Cingulate Gyrus, posterior division",-0.6006,0.0,0,-0.001,0.0549,-10.9245,1.5,886.0,33.5
merlin,sub-152,"Superior Temporal Gyrus, anterior division",0.4884,0.0,6,-0.0023,0.0533,9.1988,1.5,886.0,33.5
merlin,sub-152,"Superior Temporal Gyrus, posterior division",0.5023,0.0,6,-0.0007,0.0489,10.2904,1.5,886.0,33.5
merlin,sub-152,"Middle Temporal Gyrus, anterior division",0.4818,0.0,6,0.0005,0.0503,9.5598,1.5,886.0,33.5
merlin,sub-152,"Middle Temporal Gyrus, posterior division",0.3327,0.0,6,-0.0007,0.0572,5.8277,1.5,886.0,33.5
merlin,sub-152,"Inferior Frontal Gyrus, pars triangularis",-0.1293,0.0016,0,-0.0006,0.0667,-1.9289,1.5,886.0,33.5
merlin,sub-152,"Inferior Frontal Gyrus, pars opercularis",-0.3385,0.0,6,0.0028,0.0572,-5.9727,1.5,886.0,33.5
merlin,sub-152,Angular Gyrus,-0.2435,0.0,6,0.0021,0.0633,-3.8834,1.5,886.0,33.5
merlin,sub-152,"Supramarginal Gyrus, anterior division",-0.1674,0.0,6,-0.0009,0.063,-2.6439,1.5,886.0,33.5
merlin,sub-152,"Supramarginal Gyrus, posterior division",-0.2672,0.0,6,0.0007,0.0622,-4.3052,1.5,886.0,33.5
merlin,sub-152,Frontal Pole,0.4987,0.0,6,-0.0005,0.0576,8.6661,1.5,886.0,33.5
merlin,sub-152,"Temporal Fusiform Cortex, anterior division",-0.242,0.0,0,-0.0012,0.0598,-4.025,1.5,886.0,33.5
merlin,sub-152,"Temporal Fusiform Cortex, posterior division",0.0552,0.1829,6,0.0001,0.0649,0.849,1.5,886.0,33.5
merlin,sub-152,"Parahippocampal Gyrus, anterior division",0.0851,0.0399,6,-0.001,0.0667,1.2902,1.5,886.0,33.5
merlin,sub-152,"Parahippocampal Gyrus, posterior division",0.1886,0.0,6,-0.0018,0.0636,2.9942,1.5,886.0,33.5
merlin,sub-152,"Cingulate Gyrus, anterior division",0.1084,0.0087,6,-0.0009,0.0619,1.7647,1.5,886.0,33.5
merlin,sub-152,"Cingulate Gyrus, posterior division",-0.0221,0.5916,0,-0.0001,0.062,-0.3557,1.5,886.0,33.5
merlin,sub-153,"Superior Temporal Gyrus, anterior division",0.0116,0.7806,6,-0.0028,0.0648,0.2217,1.5,886.0,33.5
merlin,sub-153,"Superior Temporal Gyrus, posterior division",0.1874,0.0,6,0.0004,0.0631,2.9652,1.5,886.0,33.5
merlin,sub-153,"Middle Temporal Gyrus, anterior division",0.1561,0.0002,6,0.0003,0.0629,2.4745,1.5,886.0,33.5
merlin,sub-153,"Middle Temporal Gyrus, posterior division",-0.0655,0.1121,0,0.0001,0.0683,-0.96,1.5,886.0,33.5
merlin,sub-153,"Inferior Frontal Gyrus, pars triangularis",-0.1763,0.0,0,0.0002,0.0638,-2.7664,1.5,886.0,33.5
merlin,sub-153,"Inferior Frontal Gyrus, pars opercularis",-0.2254,0.0,0,0.0003,0.0595,-3.7956,1.5,886.0,33.5
merlin,sub-153,Angular Gyrus,-0.2451,0.0,0,0.002,0.0575,-4.2967,1.5,886.0,33.5
merlin,sub-153,"Supramarginal Gyrus, anterior division",-0.214,0.0,0,-0.0,0.059,-3.6268,1.5,886.0,33.5
merlin,sub-153,"Supramarginal Gyrus, posterior division",-0.2331,0.0,0,0.0002,0.0576,-4.0502,1.5,886.0,33.5
merlin,sub-153,Frontal Pole,-0.0557,0.1763,0,0.0012,0.0667,-0.8537,1.5,886.0,33.5
merlin,sub-153,"Temporal Fusiform Cortex, anterior division",0.2221,0.0,6,0.0029,0.0578,3.7945,1.5,886.0,33.5
merlin,sub-153,"Temporal Fusiform Cortex, posterior division",-0.0193,0.6418,6,0.0009,0.066,-0.3064,1.5,886.0,33.5
merlin,sub-153,"Parahippocampal Gyrus, anterior division",0.0243,0.5572,5,-0.0011,0.0694,0.366,1.5,886.0,33.5
merlin,sub-153,"Parahippocampal Gyrus, posterior division",-0.1029,0.0129,6,-0.0042,0.0663,-1.4873,1.5,886.0,33.5
merlin,sub-153,"Cingulate Gyrus, anterior division",0.0104,0.8015,6,-0.0036,0.0643,0.2182,1.5,886.0,33.5
merlin,sub-153,"Cingulate Gyrus, posterior division",-0.1375,0.0008,0,-0.0006,0.0604,-2.2646,1.5,886.0,33.5
merlin,sub-154,"Superior Temporal Gyrus, anterior division",-0.1294,0.0016,0,-0.0009,0.0622,-2.0644,1.5,886.0,33.5
merlin,sub-154,"Superior Temporal Gyrus, posterior division",-0.1435,0.0005,0,-0.0018,0.0674,-2.1041,1.5,886.0,33.5
merlin,sub-154,"Middle Temporal Gyrus, anterior division",-0.0514,0.2129,0,0.0011,0.0591,-0.8869,1.5,886.0,33.5
merlin,sub-154,"Middle Temporal Gyrus, posterior division",-0.1907,0.0,0,-0.0015,0.068,-2.7816,1.5,886.0,33.5
merlin,sub-154,"Inferior Frontal Gyrus, pars triangularis",-0.0976,0.0177,0,-0.0017,0.0638,-1.5031,1.5,886.0,33.5
merlin,sub-154,"Inferior Frontal Gyrus, pars opercularis",0.0284,0.4924,5,0.0011,0.0658,0.415,1.5,886.0,33.5
merlin,sub-154,Angular Gyrus,-0.1238,0.0027,6,0.0008,0.0675,-1.8476,1.5,886.0,33.5
merlin,sub-154,"Supramarginal Gyrus, anterior division",-0.058,0.1614,6,0.002,0.0645,-0.9311,1.5,886.0,33.5
merlin,sub-154,"Supramarginal Gyrus, posterior division",-0.0817,0.0484,6,0.0023,0.0641,-1.3104,1.5,886.0,33.5
merlin,sub-154,Frontal Pole,-0.1815,0.0,0,0.002,0.0619,-2.9623,1.5,886.0,33.5
merlin,sub-154,"Temporal Fusiform Cortex, anterior division",0.0435,0.2935,6,0.0046,0.0682,0.5709,1.5,886.0,33.5
merlin,sub-154,"Temporal Fusiform Cortex, posterior division",-0.0199,0.6298,0,0.0008,0.0687,-0.3013,1.5,886.0,33.5
merlin,sub-154,"Parahippocampal Gyrus, anterior division",-0.1109,0.007,0,0.0009,0.0709,-1.5761,1.5,886.0,33.5
merlin,sub-154,"Parahippocampal Gyrus, posterior division",-0.1568,0.0001,6,0.0009,0.0672,-2.346,1.5,886.0,33.5
merlin,sub-154,"Cingulate Gyrus, anterior division",0.0123,0.7651,0,-0.0006,0.0671,0.192,1.5,886.0,33.5
merlin,sub-154,"Cingulate Gyrus, posterior division",-0.0202,0.6257,6,-0.0003,0.0674,-0.2956,1.5,886.0,33.5
notthefallintact,sub-317,"Superior Temporal Gyrus, anterior division",0.2067,0.0001,0,0.002,0.0678,3.0213,1.5,547.0,29.5
notthefallintact,sub-317,"Superior Temporal Gyrus, posterior division",0.1103,0.0355,0,-0.0005,0.068,1.6299,1.5,547.0,29.5
notthefallintact,sub-317,"Middle Temporal Gyrus, anterior division",0.1316,0.012,0,0.0018,0.0684,1.8971,1.5,547.0,29.5
notthefallintact,sub-317,"Middle Temporal Gyrus, posterior division",0.2666,0.0,0,-0.0031,0.0748,3.6056,1.5,547.0,29.5
notthefallintact,sub-317,"Inferior Frontal Gyrus, pars triangularis",0.4542,0.0,0,0.0012,0.073,6.2028,1.5,547.0,29.5
notthefallintact,sub-317,"Inferior Frontal Gyrus, pars opercularis",0.4091,0.0,6,0.0025,0.08,5.0838,1.5,547.0,29.5
notthefallintact,sub-317,Angular Gyrus,-0.1154,0.0277,0,0.0026,0.0736,-1.6038,1.5,547.0,29.5
notthefallintact,sub-317,"Supramarginal Gyrus, anterior division",0.4104,0.0,6,0.0025,0.0839,4.8612,1.5,547.0,29.5
notthefallintact,sub-317,"Supramarginal Gyrus, posterior division",0.3666,0.0,6,0.0046,0.0834,4.3395,1.5,547.0,29.5
notthefallintact,sub-317,Frontal Pole,0.3154,0.0,0,0.0019,0.069,4.5405,1.5,547.0,29.5
notthefallintact,sub-317,"Temporal Fusiform Cortex, anterior division",0.4399,0.0,0,-0.0004,0.0757,5.8166,1.5,547.0,29.5
notthefallintact,sub-317,"Temporal Fusiform Cortex, posterior division",0.2849,0.0,0,-0.0044,0.0818,3.5373,1.5,547.0,29.5
notthefallintact,sub-317,"Parahippocampal Gyrus, anterior division",0.432,0.0,0,0.0015,0.0728,5.9131,1.5,547.0,29.5
notthefallintact,sub-317,"Parahippocampal Gyrus, posterior division",0.3265,0.0,0,-0.0027,0.0806,4.0829,1.5,547.0,29.5
notthefallintact,sub-317,"Cingulate Gyrus, anterior division",0.4938,0.0,0,-0.003,0.077,6.4522,1.5,547.0,29.5
notthefallintact,sub-317,"Cingulate Gyrus, posterior division",0.3624,0.0,6,0.003,0.0812,4.425,1.5,547.0,29.5
notthefallintact,sub-318,"Superior Temporal Gyrus, anterior division",0.2908,0.0,0,0.0036,0.0773,3.7176,1.5,547.0,29.5
notthefallintact,sub-318,"Superior Temporal Gyrus, posterior division",0.3315,0.0,4,0.0011,0.0745,4.4353,1.5,547.0,29.5
notthefallintact,sub-318,"Middle Temporal Gyrus, anterior division",0.0837,0.1111,0,0.0009,0.081,1.0218,1.5,547.0,29.5
notthefallintact,sub-318,"Middle Temporal Gyrus, posterior division",0.0335,0.5238,0,-0.0003,0.0828,0.4089,1.5,547.0,29.5
notthefallintact,sub-318,"Inferior Frontal Gyrus, pars triangularis",0.4829,0.0,0,0.0002,0.0757,6.3772,1.5,547.0,29.5
notthefallintact,sub-318,"Inferior Frontal Gyrus, pars opercularis",0.6105,0.0,0,0.0028,0.0716,8.4825,1.5,547.0,29.5
notthefallintact,sub-318,Angular Gyrus,0.5284,0.0,0,0.0004,0.0753,7.0132,1.5,547.0,29.5
notthefallintact,sub-318,"Supramarginal Gyrus, anterior division",0.5551,0.0,0,0.0012,0.0724,7.6469,1.5,547.0,29.5
notthefallintact,sub-318,"Supramarginal Gyrus, posterior division",0.5444,0.0,0,0.002,0.0723,7.5009,1.5,547.0,29.5
notthefallintact,sub-318,Frontal Pole,0.5459,0.0,0,0.0028,0.0751,7.2302,1.5,547.0,29.5
notthefallintact,sub-318,"Temporal Fusiform Cortex, anterior division",-0.091,0.0856,6,0.0019,0.0829,-1.1204,1.5,547.0,29.5
notthefallintact,sub-318,"Temporal Fusiform Cortex, posterior division",0.0159,0.7619,0,-0.003,0.0828,0.2284,1.5,547.0,29.5
notthefallintact,sub-318,"Parahippocampal Gyrus, anterior division",0.3938,0.0,0,0.0015,0.0777,5.0453,1.5,547.0,29.5
notthefallintact,sub-318,"Parahippocampal Gyrus, posterior division",0.39,0.0,0,-0.0046,0.0776,5.0862,1.5,547.0,29.5
notthefallintact,sub-318,"Cingulate Gyrus, anterior division",0.4969,0.0,0,-0.0025,0.0719,6.948,1.5,547.0,29.5
notthefallintact,sub-318,"Cingulate Gyrus, posterior division",0.5179,0.0,0,-0.0024,0.073,7.1232,1.5,547.0,29.5
notthefallintact,sub-319,"Superior Temporal Gyrus, anterior division",0.4295,0.0,1,-0.0004,0.0775,5.5482,1.5,547.0,29.5
notthefallintact,sub-319,"Superior Temporal Gyrus, posterior division",0.1044,0.0465,0,-0.0005,0.0811,1.294,1.5,547.0,29.5
notthefallintact,sub-319,"Middle Temporal Gyrus, anterior division",0.3299,0.0,0,0.0008,0.0818,4.0232,1.5,547.0,29.5
notthefallintact,sub-319,"Middle Temporal Gyrus, posterior division",0.4615,0.0,0,-0.0013,0.0738,6.2732,1.5,547.0,29.5
notthefallintact,sub-319,"Inferior Frontal Gyrus, pars triangularis",0.4586,0.0,0,0.0019,0.0771,5.926,1.5,547.0,29.5
notthefallintact,sub-319,"Inferior Frontal Gyrus, pars opercularis",0.5072,0.0,0,0.0043,0.0744,6.7581,1.5,547.0,29.5
notthefallintact,sub-319,Angular Gyrus,0.3987,0.0,1,0.0018,0.0707,5.6132,1.5,547.0,29.5
notthefallintact,sub-319,"Supramarginal Gyrus, anterior division",0.4891,0.0,0,0.0024,0.0702,6.9312,1.5,547.0,29.5
notthefallintact,sub-319,"Supramarginal Gyrus, posterior division",0.4774,0.0,0,0.0037,0.0683,6.9371,1.5,547.0,29.5
notthefallintact,sub-319,Frontal Pole,0.1936,0.0002,0,0.0035,0.0849,2.2379,1.5,547.0,29.5
notthefallintact,sub-319,"Temporal Fusiform Cortex, anterior division",0.4652,0.0,2,0.0007,0.0815,5.6964,1.5,547.0,29.5
notthefallintact,sub-319,"Temporal Fusiform Cortex, posterior division",0.3402,0.0,2,-0.0017,0.0786,4.3509,1.5,547.0,29.5
notthefallintact,sub-319,"Parahippocampal Gyrus, anterior division",0.4629,0.0,1,0.0004,0.0799,5.7865,1.5,547.0,29.5
notthefallintact,sub-319,"Parahippocampal Gyrus, posterior division",0.379,0.0,2,0.0009,0.079,4.7893,1.5,547.0,29.5
notthefallintact,sub-319,"Cingulate Gyrus, anterior division",0.4027,0.0,1,-0.0026,0.0769,5.2694,1.5,547.0,29.5
notthefallintact,sub-319,"Cingulate Gyrus, posterior division",0.4146,0.0,1,-0.0006,0.074,5.6079,1.5,547.0,29.5
notthefallintact,sub-320,"Superior Temporal Gyrus, anterior division",0.2318,0.0,2,-0.0005,0.084,2.7658,1.5,547.0,29.5
notthefallintact,sub-320,"Superior Temporal Gyrus, posterior division",-0.5349,0.0,0,-0.0005,0.0757,-7.0565,1.5,547.0,29.5
notthefallintact,sub-320,"Middle Temporal Gyrus, anterior division",-0.4805,0.0,0,0.0001,0.079,-6.08,1.5,547.0,29.5
notthefallintact,sub-320,"Middle Temporal Gyrus, posterior division",0.077,0.1459,6,0.0011,0.0795,0.9545,1.5,547.0,29.5
notthefallintact,sub-320,"Inferior Frontal Gyrus, pars triangularis",0.4716,0.0,0,-0.0003,0.0769,6.1357,1.5,547.0,29.5
notthefallintact,sub-320,"Inferior Frontal Gyrus, pars opercularis",0.4994,0.0,0,0.002,0.072,6.9123,1.5,547.0,29.5
notthefallintact,sub-320,Angular Gyrus,0.1917,0.0002,0,-0.0003,0.0798,2.4056,1.5,547.0,29.5
notthefallintact,sub-320,"Supramarginal Gyrus, anterior division",0.4206,0.0,0,0.001,0.0745,5.6338,1.5,547.0,29.5
notthefallintact,sub-320,"Supramarginal Gyrus, posterior division",0.3818,0.0,0,0.0005,0.073,5.2268,1.5,547.0,29.5
notthefallintact,sub-320,Frontal Pole,0.1522,0.0036,0,-0.0003,0.0905,1.6851,1.5,547.0,29.5
notthefallintact,sub-320,"Temporal Fusiform Cortex, anterior division",-0.0733,0.1628,0,0.002,0.0841,-0.8963,1.5,547.0,29.5
notthefallintact,sub-320,"Temporal Fusiform Cortex, posterior division",0.1765,0.0007,0,-0.0032,0.082,2.1933,1.5,547.0,29.5
notthefallintact,sub-320,"Parahippocampal Gyrus, anterior division",0.3617,0.0,0,0.0009,0.0802,4.5008,1.5,547.0,29.5
notthefallintact,sub-320,"Parahippocampal Gyrus, posterior division",0.1707,0.0011,0,-0.0048,0.0831,2.1103,1.5,547.0,29.5
notthefallintact,sub-320,"Cingulate Gyrus, anterior division",0.2834,0.0,0,-0.0018,0.0816,3.4964,1.5,547.0,29.5
notthefallintact,sub-320,"Cingulate Gyrus, posterior division",0.2922,0.0,0,-0.0013,0.0775,3.7877,1.5,547.0,29.5
notthefallintact,sub-321,"Superior Temporal Gyrus, anterior division",0.2934,0.0,0,0.0036,0.0711,4.0773,1.5,547.0,29.5
notthefallintact,sub-321,"Superior Temporal Gyrus, posterior division",0.3745,0.0,0,-0.0002,0.0696,5.3834,1.5,547.0,29.5
notthefallintact,sub-321,"Middle Temporal Gyrus, anterior division",0.2932,0.0,0,0.0014,0.0772,3.7793,1.5,547.0,29.5
notthefallintact,sub-321,"Middle Temporal Gyrus, posterior division",0.0851,0.1048,0,0.0006,0.0758,1.1152,1.5,547.0,29.5
notthefallintact,sub-321,"Inferior Frontal Gyrus, pars triangularis",0.4171,0.0,0,0.0016,0.0767,5.4182,1.5,547.0,29.5
notthefallintact,sub-321,"Inferior Frontal Gyrus, pars opercularis",0.4806,0.0,0,0.003,0.0732,6.5274,1.5,547.0,29.5
notthefallintact,sub-321,Angular Gyrus,0.3266,0.0,6,0.0008,0.0788,4.133,1.5,547.0,29.5
notthefallintact,sub-321,"Supramarginal Gyrus, anterior division",0.4859,0.0,6,0.0021,0.0727,6.6598,1.5,547.0,29.5
notthefallintact,sub-321,"Supramarginal Gyrus, posterior division",0.4417,0.0,6,0.0046,0.0743,5.885,1.5,547.0,29.5
notthefallintact,sub-321,Frontal Pole,-0.1897,0.0003,6,-0.0008,0.0742,-2.5465,1.5,547.0,29.5
notthefallintact,sub-321,"Temporal Fusiform Cortex, anterior division",0.2711,0.0,0,0.0,0.0713,3.8,1.5,547.0,29.5
notthefallintact,sub-321,"Temporal Fusiform Cortex, posterior division",0.3101,0.0,0,0.0007,0.0755,4.1002,1.5,547.0,29.5
notthefallintact,sub-321,"Parahippocampal Gyrus, anterior division",0.4472,0.0,0,-0.0001,0.0696,6.4257,1.5,547.0,29.5
notthefallintact,sub-321,"Parahippocampal Gyrus, posterior division",0.295,0.0,0,-0.0008,0.0748,3.9553,1.5,547.0,29.5
notthefallintact,sub-321,"Cingulate Gyrus, anterior division",0.5266,0.0,0,-0.0018,0.0706,7.4904,1.5,547.0,29.5
notthefallintact,sub-321,"Cingulate Gyrus, posterior division",0.542,0.0,6,-0.0015,0.0718,7.5709,1.5,547.0,29.5
notthefallintact,sub-322,"Superior Temporal Gyrus, anterior division",0.3736,0.0,6,0.0013,0.081,4.5931,1.5,547.0,29.5
notthefallintact,sub-322,"Superior Temporal Gyrus, posterior division",0.3029,0.0,6,-0.0015,0.0668,4.5567,1.5,547.0,29.5
notthefallintact,sub-322,"Middle Temporal Gyrus, anterior division",0.3152,0.0,6,0.0008,0.0638,4.9282,1.5,547.0,29.5
notthefallintact,sub-322,"Middle Temporal Gyrus, posterior division",0.2768,0.0,6,-0.0049,0.0866,3.255,1.5,547.0,29.5
notthefallintact,sub-322,"Inferior Frontal Gyrus, pars triangularis",0.2326,0.0,6,-0.001,0.0913,2.5583,1.5,547.0,29.5
notthefallintact,sub-322,"Inferior Frontal Gyrus, pars opercularis",0.0175,0.7418,6,-0.0014,0.0879,0.2145,1.5,547.0,29.5
notthefallintact,sub-322,Angular Gyrus,-0.0659,0.2133,6,-0.0032,0.0834,-0.7529,1.5,547.0,29.5
notthefallintact,sub-322,"Supramarginal Gyrus, anterior division",-0.0203,0.6992,0,-0.0005,0.0901,-0.2197,1.5,547.0,29.5
notthefallintact,sub-322,"Supramarginal Gyrus, posterior division",-0.0304,0.5631,0,-0.0017,0.0905,-0.3173,1.5,547.0,29.5
notthefallintact,sub-322,Frontal Pole,0.2862,0.0,6,0.0037,0.0766,3.6869,1.5,547.0,29.5
notthefallintact,sub-322,"Temporal Fusiform Cortex, anterior division",0.1194,0.0227,0,-0.0004,0.0655,1.8286,1.5,547.0,29.5
notthefallintact,sub-322,"Temporal Fusiform Cortex, posterior division",0.1757,0.0008,0,-0.0041,0.0845,2.1283,1.5,547.0,29.5
notthefallintact,sub-322,"Parahippocampal Gyrus, anterior division",0.1435,0.0061,0,0.0007,0.0832,1.7168,1.5,547.0,29.5
notthefallintact,sub-322,"Parahippocampal Gyrus, posterior division",0.1788,0.0006,0,-0.0094,0.0946,1.99,1.5,547.0,29.5
notthefallintact,sub-322,"Cingulate Gyrus, anterior division",0.1882,0.0003,0,-0.0079,0.0944,2.0772,1.5,547.0,29.5
notthefallintact,sub-322,"Cingulate Gyrus, posterior division",0.0778,0.142,6,-0.0073,0.0948,0.8973,1.5,547.0,29.5
notthefallintact,sub-323,"Superior Temporal Gyrus, anterior division",0.4206,0.0,6,0.0004,0.0845,4.971,1.5,547.0,29.5
notthefallintact,sub-323,"Superior Temporal Gyrus, posterior division",0.5789,0.0,4,-0.0017,0.0757,7.6726,1.5,547.0,29.5
notthefallintact,sub-323,"Middle Temporal Gyrus, anterior division",0.5472,0.0,4,0.0007,0.0761,7.1783,1.5,547.0,29.5
notthefallintact,sub-323,"Middle Temporal Gyrus, posterior division",0.5598,0.0,0,-0.0015,0.073,7.6899,1.5,547.0,29.5
notthefallintact,sub-323,"Inferior Frontal Gyrus, pars triangularis",0.1859,0.0004,4,0.0011,0.0863,2.1411,1.5,547.0,29.5
notthefallintact,sub-323,"Inferior Frontal Gyrus, pars opercularis",0.1529,0.0037,6,0.0044,0.0858,1.7316,1.5,547.0,29.5
notthefallintact,sub-323,Angular Gyrus,0.6495,0.0,2,0.0007,0.0773,8.3937,1.5,547.0,29.5
notthefallintact,sub-323,"Supramarginal Gyrus, anterior division",0.5104,0.0,6,-0.0006,0.0787,6.4952,1.5,547.0,29.5
notthefallintact,sub-323,"Supramarginal Gyrus, posterior division",0.5408,0.0,3,0.0001,0.0786,6.8788,1.5,547.0,29.5
notthefallintact,sub-323,Frontal Pole,0.2985,0.0,5,0.0037,0.0807,3.655,1.5,547.0,29.5
notthefallintact,sub-323,"Temporal Fusiform Cortex, anterior division",0.2199,0.0,1,-0.0005,0.0794,2.777,1.5,547.0,29.5
notthefallintact,sub-323,"Temporal Fusiform Cortex, posterior division",0.4734,0.0,0,-0.0003,0.0775,6.1144,1.5,547.0,29.5
notthefallintact,sub-323,"Parahippocampal Gyrus, anterior division",0.4449,0.0,1,0.0007,0.078,5.6973,1.5,547.0,29.5
notthefallintact,sub-323,"Parahippocampal Gyrus, posterior division",0.487,0.0,0,-0.0046,0.0786,6.2558,1.5,547.0,29.5
notthefallintact,sub-323,"Cingulate Gyrus, anterior division",0.4818,0.0,0,-0.0025,0.0822,5.8934,1.5,547.0,29.5
notthefallintact,sub-323,"Cingulate Gyrus, posterior division",0.5511,0.0,0,0.001,0.0801,6.8664,1.5,547.0,29.5
notthefallintact,sub-324,"Superior Temporal Gyrus, anterior division",0.407,0.0,2,0.0041,0.0804,5.0122,1.5,547.0,29.5
notthefallintact,sub-324,"Superior Temporal Gyrus, posterior division",0.6363,0.0,6,0.0023,0.0746,8.4994,1.5,547.0,29.5
notthefallintact,sub-324,"Middle Temporal Gyrus, anterior division",0.6662,0.0,5,0.0004,0.0766,8.6951,1.5,547.0,29.5
notthefallintact,sub-324,"Middle Temporal Gyrus, posterior division",0.3578,0.0,0,-0.0011,0.0851,4.2204,1.5,547.0,29.5
notthefallintact,sub-324,"Inferior Frontal Gyrus, pars triangularis",0.2446,0.0,0,0.0026,0.0849,2.8491,1.5,547.0,29.5
notthefallintact,sub-324,"Inferior Frontal Gyrus, pars opercularis",-0.3275,0.0,6,-0.0011,0.0766,-4.2602,1.5,547.0,29.5
notthefallintact,sub-324,Angular Gyrus,-0.4551,0.0,6,-0.0018,0.0764,-5.9355,1.5,547.0,29.5
notthefallintact,sub-324,"Supramarginal Gyrus, anterior division",-0.2146,0.0,6,0.0003,0.0788,-2.7276,1.5,547.0,29.5
notthefallintact,sub-324,"Supramarginal Gyrus, posterior division",-0.3249,0.0,6,0.0025,0.076,-4.3087,1.5,547.0,29.5
notthefallintact,sub-324,Frontal Pole,0.6008,0.0,6,0.0031,0.0843,7.0878,1.5,547.0,29.5
notthefallintact,sub-324,"Temporal Fusiform Cortex, anterior division",0.7017,0.0,6,-0.0032,0.0717,9.8346,1.5,547.0,29.5
notthefallintact,sub-324,"Temporal Fusiform Cortex, posterior division",0.46,0.0,6,0.0031,0.0909,5.0262,1.5,547.0,29.5
notthefallintact,sub-324,"Parahippocampal Gyrus, anterior division",0.5395,0.0,6,0.0008,0.0886,6.0795,1.5,547.0,29.5
notthefallintact,sub-324,"Parahippocampal Gyrus, posterior division",0.3273,0.0,0,-0.002,0.0833,3.9535,1.5,547.0,29.5
notthefallintact,sub-324,"Cingulate Gyrus, anterior division",0.4068,0.0,0,-0.0016,0.0854,4.7842,1.5,547.0,29.5
notthefallintact,sub-324,"Cingulate Gyrus, posterior division",-0.1047,0.0477,6,-0.0015,0.0807,-1.2793,1.5,547.0,29.5
notthefallintact,sub-325,"Superior Temporal Gyrus, anterior division",-0.1415,0.0073,6,0.0001,0.0859,-1.6491,1.5,547.0,29.5
notthefallintact,sub-325,"Superior Temporal Gyrus, posterior division",-0.3188,0.0,6,0.0013,0.0714,-4.4826,1.5,547.0,29.5
notthefallintact,sub-325,"Middle Temporal Gyrus, anterior division",-0.346,0.0,6,-0.0024,0.0729,-4.711,1.5,547.0,29.5
notthefallintact,sub-325,"Middle Temporal Gyrus, posterior division",0.0976,0.063,0,-0.0029,0.0797,1.2607,1.5,547.0,29.5
notthefallintact,sub-325,"Inferior Frontal Gyrus, pars triangularis",-0.0564,0.2872,6,-0.001,0.0783,-0.7081,1.5,547.0,29.5
notthefallintact,sub-325,"Inferior Frontal Gyrus, pars opercularis",0.3081,0.0,0,0.002,0.0671,4.5625,1.5,547.0,29.5
notthefallintact,sub-325,Angular Gyrus,0.4219,0.0,0,0.0009,0.0636,6.6178,1.5,547.0,29.5
notthefallintact,sub-325,"Supramarginal Gyrus, anterior division",0.3728,0.0,0,0.0003,0.0649,5.7419,1.5,547.0,29.5
notthefallintact,sub-325,"Supramarginal Gyrus, posterior division",0.3858,0.0,0,0.0015,0.0613,6.2715,1.5,547.0,29.5
notthefallintact,sub-325,Frontal Pole,-0.3566,0.0,6,-0.001,0.0773,-4.6009,1.5,547.0,29.5
notthefallintact,sub-325,"Temporal Fusiform Cortex, anterior division",-0.0842,0.1116,6,0.0029,0.0909,-0.9584,1.5,547.0,29.5
notthefallintact,sub-325,"Temporal Fusiform Cortex, posterior division",0.3947,0.0,0,-0.0016,0.0761,5.2095,1.5,547.0,29.5
notthefallintact,sub-325,"Parahippocampal Gyrus, anterior division",-0.085,0.1085,6,0.0023,0.0936,-0.9328,1.5,547.0,29.5
notthefallintact,sub-325,"Parahippocampal Gyrus, posterior division",0.2837,0.0,0,-0.0062,0.0758,3.8225,1.5,547.0,29.5
notthefallintact,sub-325,"Cingulate Gyrus, anterior division",0.2936,0.0,0,-0.003,0.0769,3.8577,1.5,547.0,29.5
notthefallintact,sub-325,"Cingulate Gyrus, posterior division",0.3799,0.0,0,-0.0006,0.0681,5.591,1.5,547.0,29.5
notthefallintact,sub-326,"Superior Temporal Gyrus, anterior division",0.4334,0.0,0,0.0033,0.0662,6.4981,1.5,547.0,29.5
notthefallintact,sub-326,"Superior Temporal Gyrus, posterior division",0.307,0.0,3,-0.0018,0.0818,3.7761,1.5,547.0,29.5
notthefallintact,sub-326,"Middle Temporal Gyrus, anterior division",0.395,0.0,0,0.0007,0.0702,5.617,1.5,547.0,29.5
notthefallintact,sub-326,"Middle Temporal Gyrus, posterior division",0.4612,0.0,0,0.0003,0.0611,7.5493,1.5,547.0,29.5
notthefallintact,sub-326,"Inferior Frontal Gyrus, pars triangularis",0.3781,0.0,0,0.0023,0.0731,5.1383,1.5,547.0,29.5
notthefallintact,sub-326,"Inferior Frontal Gyrus, pars opercularis",0.4365,0.0,0,0.0025,0.0739,5.8706,1.5,547.0,29.5
notthefallintact,sub-326,Angular Gyrus,0.4841,0.0,0,0.0007,0.0605,7.9874,1.5,547.0,29.5
notthefallintact,sub-326,"Supramarginal Gyrus, anterior division",0.4645,0.0,0,0.0013,0.0632,7.3284,1.5,547.0,29.5
notthefallintact,sub-326,"Supramarginal Gyrus, posterior division",0.5066,0.0,0,0.002,0.0606,8.3321,1.5,547.0,29.5
notthefallintact,sub-326,Frontal Pole,0.3707,0.0,0,0.0016,0.0687,5.3692,1.5,547.0,29.5
notthefallintact,sub-326,"Temporal Fusiform Cortex, anterior division",0.1649,0.0016,0,0.0034,0.0856,1.8875,1.5,547.0,29.5
notthefallintact,sub-326,"Temporal Fusiform Cortex, posterior division",0.3728,0.0,0,-0.0011,0.066,5.6681,1.5,547.0,29.5
notthefallintact,sub-326,"Parahippocampal Gyrus, anterior division",0.1346,0.0108,6,0.0001,0.0878,1.5332,1.5,547.0,29.5
notthefallintact,sub-326,"Parahippocampal Gyrus, posterior division",0.3549,0.0,0,-0.0031,0.0645,5.5496,1.5,547.0,29.5
notthefallintact,sub-326,"Cingulate Gyrus, anterior division",0.3851,0.0,0,-0.0016,0.063,6.137,1.5,547.0,29.5
notthefallintact,sub-326,"Cingulate Gyrus, posterior division",0.3819,0.0,0,-0.0013,0.0613,6.2468,1.5,547.0,29.5
